Aufgabe-ID,source_ref,Teilaufgabe,Feld,neuer Wert,Art,Unsicherheit,Begründung
28ee89d3-0cdc-4842-869e-423c2bf78f8d,bedingt-vierfeld-01,,afb,I,neu,mittel,Reproduzieren: je ein fehlendes Feld als Randsumme minus bekanntes Feld.
28ee89d3-0cdc-4842-869e-423c2bf78f8d,bedingt-vierfeld-01,,est_duration_sec,45,neu,mittel,"Zeitregel: AFB I, kein Sachkontext."
28ee89d3-0cdc-4842-869e-423c2bf78f8d,bedingt-vierfeld-01,,curriculum_grade,9,neu,hoch,"Stoffanker Klasse 9: KLP G9 NRW, Zweite Stufe, Sto-3/Sto-4/Sto-5 (Vierfeldertafel, bedingte Wahrscheinlichkeit, Darstellungen beurteilen)."
28ee89d3-0cdc-4842-869e-423c2bf78f8d,bedingt-vierfeld-01,,cluster_id,9fdfed01-ebda-4c79-89ea-5accacefee93,neu,hoch,Daten & Zufall wie die Stochastik-Knoten im Bestand.
28ee89d3-0cdc-4842-869e-423c2bf78f8d,bedingt-vierfeld-01,,competency_content,stochastik,neu,hoch,Inhaltsfeld Stochastik (Sto-3 bis Sto-5).
28ee89d3-0cdc-4842-869e-423c2bf78f8d,bedingt-vierfeld-01,,competency_process,Operieren,neu,mittel,Rechnen nach festem Verfahren.
28ee89d3-0cdc-4842-869e-423c2bf78f8d,bedingt-vierfeld-01,,needs_image,false,neu,hoch,"Alle Angaben stehen im Text, keine Abbildung nötig."
28ee89d3-0cdc-4842-869e-423c2bf78f8d,bedingt-vierfeld-01,1,parts.1.afb,I,neu,mittel,Wie die Aufgabe.
28ee89d3-0cdc-4842-869e-423c2bf78f8d,bedingt-vierfeld-01,1,parts.1.competency_content,stochastik,neu,hoch,Wie die Aufgabe.
28ee89d3-0cdc-4842-869e-423c2bf78f8d,bedingt-vierfeld-01,1,correct_answers.1,"[""62"",""+62""]",neu,hoch,"Exakt nachgerechnet; alle gleichwertigen Schreibweisen."
28ee89d3-0cdc-4842-869e-423c2bf78f8d,bedingt-vierfeld-01,2,parts.2.afb,I,neu,mittel,Wie die Aufgabe.
28ee89d3-0cdc-4842-869e-423c2bf78f8d,bedingt-vierfeld-01,2,parts.2.competency_content,stochastik,neu,hoch,Wie die Aufgabe.
28ee89d3-0cdc-4842-869e-423c2bf78f8d,bedingt-vierfeld-01,2,correct_answers.2,"[""60"",""+60""]",neu,hoch,"Exakt nachgerechnet; alle gleichwertigen Schreibweisen."
28ee89d3-0cdc-4842-869e-423c2bf78f8d,bedingt-vierfeld-01,,solution,"Mädchen ohne Haustier = Mädchen insgesamt − Mädchen mit Haustier = 110 − 48 = 62.
Jungen mit Haustier = Mit Haustier insgesamt − Mädchen mit Haustier = 108 − 48 = 60.
Probe: Jungen insgesamt = 200 − 110 = 90 = 60 + 30.",neu,hoch,Nachgerechnet.
28ee89d3-0cdc-4842-869e-423c2bf78f8d,bedingt-vierfeld-01,,typical_errors,"[{""error"":""Von der falschen Summe abgezogen: „Mit Haustier insgesamt“ statt „Mädchen insgesamt“: 108 − 48."",""socratic_question"":""Zu welcher Summe gehören die Mädchen ohne Haustier – zu allen Mädchen oder zu allen mit Haustier?""},{""error"":""Addiert statt subtrahiert: 110 + 48."",""socratic_question"":""Können die Mädchen ohne Haustier mehr sein als alle Mädchen zusammen?""},{""error"":""Von der falschen Summe abgezogen: „Mädchen insgesamt“ statt „Mit Haustier insgesamt“: 110 − 48."",""socratic_question"":""Welche Summe besteht aus Mädchen mit Haustier und Jungen mit Haustier?""},{""error"":""Addiert statt subtrahiert: 108 + 48."",""socratic_question"":""Können die Jungen mit Haustier mehr sein als alle mit Haustier?""}]",neu,hoch,"Aus acceptance.known_errors (randsumme_verwechselt, falsche_operation)."
28ee89d3-0cdc-4842-869e-423c2bf78f8d,bedingt-vierfeld-01,,hints,,bewusst leer,,"Auftrag W4-k9-rest: ohne Hilfe lösbar (LSA), keine Hinweise."
28ee89d3-0cdc-4842-869e-423c2bf78f8d,bedingt-vierfeld-01,1,"zeit_teile (nur CSV, keine DB-Spalte)",23,neu,mittel,"Teilbudget; Summe = est_duration_sec"
28ee89d3-0cdc-4842-869e-423c2bf78f8d,bedingt-vierfeld-01,2,"zeit_teile (nur CSV, keine DB-Spalte)",22,neu,mittel,"Teilbudget; Summe = est_duration_sec"
28ee89d3-0cdc-4842-869e-423c2bf78f8d,bedingt-vierfeld-01,1,acceptance.known_errors (keine UI),"{""60"":""randsumme_verwechselt"",""158"":""falsche_operation"",""+60"":""randsumme_verwechselt"",""+158"":""falsche_operation""}",neu,hoch,Falscher Wert → Fehlbild-Slug
28ee89d3-0cdc-4842-869e-423c2bf78f8d,bedingt-vierfeld-01,2,acceptance.known_errors (keine UI),"{""62"":""randsumme_verwechselt"",""156"":""falsche_operation"",""+62"":""randsumme_verwechselt"",""+156"":""falsche_operation""}",neu,hoch,Falscher Wert → Fehlbild-Slug
cd7d81d2-819a-4887-ab77-6fa061b89358,bedingt-vierfeld-02,,afb,I,neu,mittel,Reproduzieren: drei fehlende Felder nacheinander über Randsummen.
cd7d81d2-819a-4887-ab77-6fa061b89358,bedingt-vierfeld-02,,est_duration_sec,45,neu,mittel,"Zeitregel: AFB I, kein Sachkontext."
cd7d81d2-819a-4887-ab77-6fa061b89358,bedingt-vierfeld-02,,curriculum_grade,9,neu,hoch,"Stoffanker Klasse 9: KLP G9 NRW, Zweite Stufe, Sto-3/Sto-4/Sto-5 (Vierfeldertafel, bedingte Wahrscheinlichkeit, Darstellungen beurteilen)."
cd7d81d2-819a-4887-ab77-6fa061b89358,bedingt-vierfeld-02,,cluster_id,9fdfed01-ebda-4c79-89ea-5accacefee93,neu,hoch,Daten & Zufall wie die Stochastik-Knoten im Bestand.
cd7d81d2-819a-4887-ab77-6fa061b89358,bedingt-vierfeld-02,,competency_content,stochastik,neu,hoch,Inhaltsfeld Stochastik (Sto-3 bis Sto-5).
cd7d81d2-819a-4887-ab77-6fa061b89358,bedingt-vierfeld-02,,competency_process,Operieren,neu,mittel,Rechnen nach festem Verfahren.
cd7d81d2-819a-4887-ab77-6fa061b89358,bedingt-vierfeld-02,,needs_image,false,neu,hoch,"Alle Angaben stehen im Text, keine Abbildung nötig."
cd7d81d2-819a-4887-ab77-6fa061b89358,bedingt-vierfeld-02,1,parts.1.afb,I,neu,mittel,Wie die Aufgabe.
cd7d81d2-819a-4887-ab77-6fa061b89358,bedingt-vierfeld-02,1,parts.1.competency_content,stochastik,neu,hoch,Wie die Aufgabe.
cd7d81d2-819a-4887-ab77-6fa061b89358,bedingt-vierfeld-02,1,correct_answers.1,"[""88"",""+88""]",neu,hoch,"Exakt nachgerechnet; alle gleichwertigen Schreibweisen."
cd7d81d2-819a-4887-ab77-6fa061b89358,bedingt-vierfeld-02,2,parts.2.afb,I,neu,mittel,Wie die Aufgabe.
cd7d81d2-819a-4887-ab77-6fa061b89358,bedingt-vierfeld-02,2,parts.2.competency_content,stochastik,neu,hoch,Wie die Aufgabe.
cd7d81d2-819a-4887-ab77-6fa061b89358,bedingt-vierfeld-02,2,correct_answers.2,"[""54"",""+54""]",neu,hoch,"Exakt nachgerechnet; alle gleichwertigen Schreibweisen."
cd7d81d2-819a-4887-ab77-6fa061b89358,bedingt-vierfeld-02,3,parts.3.afb,I,neu,mittel,Wie die Aufgabe.
cd7d81d2-819a-4887-ab77-6fa061b89358,bedingt-vierfeld-02,3,parts.3.competency_content,stochastik,neu,hoch,Wie die Aufgabe.
cd7d81d2-819a-4887-ab77-6fa061b89358,bedingt-vierfeld-02,3,correct_answers.3,"[""86"",""+86""]",neu,hoch,"Exakt nachgerechnet; alle gleichwertigen Schreibweisen."
cd7d81d2-819a-4887-ab77-6fa061b89358,bedingt-vierfeld-02,,solution,"Unterstufe ohne Bus = 160 − 72 = 88.
Oberstufe mit Bus = 126 − 72 = 54.
Oberstufe insgesamt = 300 − 160 = 140, also Oberstufe ohne Bus = 140 − 54 = 86.
Probe: Ohne Bus insgesamt = 88 + 86 = 174 = 300 − 126.",neu,hoch,Nachgerechnet.
cd7d81d2-819a-4887-ab77-6fa061b89358,bedingt-vierfeld-02,,typical_errors,"[{""error"":""Von „Mit Bus insgesamt“ statt von „Unterstufe insgesamt“ abgezogen: 126 − 72."",""socratic_question"":""Welche Summe besteht aus Unterstufe mit Bus und Unterstufe ohne Bus?""},{""error"":""Addiert statt subtrahiert: 160 + 72."",""socratic_question"":""Kann ein Teil der Unterstufe größer sein als die ganze Unterstufe?""},{""error"":""Von „Unterstufe insgesamt“ statt von „Mit Bus insgesamt“ abgezogen: 160 − 72."",""socratic_question"":""Welche Summe besteht aus Unterstufe mit Bus und Oberstufe mit Bus?""},{""error"":""Addiert statt subtrahiert: 126 + 72."",""socratic_question"":""Kann ein Teil der Busfahrer größer sein als alle Busfahrer?""},{""error"":""Die ganze Oberstufe angegeben statt nur die Oberstufe ohne Bus."",""socratic_question"":""Sind in deiner Zahl auch die Oberstufenschüler mit Bus enthalten?""},{""error"":""Von „Mit Bus insgesamt“ abgezogen statt von „Oberstufe insgesamt“: 126 − 54."",""socratic_question"":""Zu welcher Summe gehört das Feld „Oberstufe ohne Bus“ – zu den Busfahrern?""}]",neu,hoch,"Aus acceptance.known_errors (randsumme_verwechselt, falsche_operation, falsche_groesse_beantwortet)."
cd7d81d2-819a-4887-ab77-6fa061b89358,bedingt-vierfeld-02,,hints,,bewusst leer,,"Auftrag W4-k9-rest: ohne Hilfe lösbar (LSA), keine Hinweise."
cd7d81d2-819a-4887-ab77-6fa061b89358,bedingt-vierfeld-02,1,"zeit_teile (nur CSV, keine DB-Spalte)",15,neu,mittel,"Teilbudget; Summe = est_duration_sec"
cd7d81d2-819a-4887-ab77-6fa061b89358,bedingt-vierfeld-02,2,"zeit_teile (nur CSV, keine DB-Spalte)",15,neu,mittel,"Teilbudget; Summe = est_duration_sec"
cd7d81d2-819a-4887-ab77-6fa061b89358,bedingt-vierfeld-02,3,"zeit_teile (nur CSV, keine DB-Spalte)",15,neu,mittel,"Teilbudget; Summe = est_duration_sec"
cd7d81d2-819a-4887-ab77-6fa061b89358,bedingt-vierfeld-02,1,acceptance.known_errors (keine UI),"{""54"":""randsumme_verwechselt"",""232"":""falsche_operation"",""+54"":""randsumme_verwechselt"",""+232"":""falsche_operation""}",neu,hoch,Falscher Wert → Fehlbild-Slug
cd7d81d2-819a-4887-ab77-6fa061b89358,bedingt-vierfeld-02,2,acceptance.known_errors (keine UI),"{""88"":""randsumme_verwechselt"",""198"":""falsche_operation"",""+88"":""randsumme_verwechselt"",""+198"":""falsche_operation""}",neu,hoch,Falscher Wert → Fehlbild-Slug
cd7d81d2-819a-4887-ab77-6fa061b89358,bedingt-vierfeld-02,3,acceptance.known_errors (keine UI),"{""72"":""randsumme_verwechselt"",""140"":""falsche_groesse_beantwortet"",""+140"":""falsche_groesse_beantwortet"",""+72"":""randsumme_verwechselt""}",neu,hoch,Falscher Wert → Fehlbild-Slug
e61dfd20-5b7c-4f12-94f9-f38a51ab64c5,bedingt-vierfeld-03,,afb,II,neu,mittel,Anwenden: fehlendes Feld ergänzen und als relative Häufigkeit (Anteil an allen) mit Rundung angeben.
e61dfd20-5b7c-4f12-94f9-f38a51ab64c5,bedingt-vierfeld-03,,est_duration_sec,60,neu,mittel,"Zeitregel: AFB II, kein Sachkontext."
e61dfd20-5b7c-4f12-94f9-f38a51ab64c5,bedingt-vierfeld-03,,curriculum_grade,9,neu,hoch,"Stoffanker Klasse 9: KLP G9 NRW, Zweite Stufe, Sto-3/Sto-4/Sto-5 (Vierfeldertafel, bedingte Wahrscheinlichkeit, Darstellungen beurteilen)."
e61dfd20-5b7c-4f12-94f9-f38a51ab64c5,bedingt-vierfeld-03,,cluster_id,9fdfed01-ebda-4c79-89ea-5accacefee93,neu,hoch,Daten & Zufall wie die Stochastik-Knoten im Bestand.
e61dfd20-5b7c-4f12-94f9-f38a51ab64c5,bedingt-vierfeld-03,,competency_content,stochastik,neu,hoch,Inhaltsfeld Stochastik (Sto-3 bis Sto-5).
e61dfd20-5b7c-4f12-94f9-f38a51ab64c5,bedingt-vierfeld-03,,competency_process,Operieren,neu,mittel,Rechnen nach festem Verfahren.
e61dfd20-5b7c-4f12-94f9-f38a51ab64c5,bedingt-vierfeld-03,,needs_image,false,neu,hoch,"Alle Angaben stehen im Text, keine Abbildung nötig."
e61dfd20-5b7c-4f12-94f9-f38a51ab64c5,bedingt-vierfeld-03,1,parts.1.afb,II,neu,mittel,Wie die Aufgabe.
e61dfd20-5b7c-4f12-94f9-f38a51ab64c5,bedingt-vierfeld-03,1,parts.1.competency_content,stochastik,neu,hoch,Wie die Aufgabe.
e61dfd20-5b7c-4f12-94f9-f38a51ab64c5,bedingt-vierfeld-03,1,correct_answers.1,"[""54"",""+54""]",neu,hoch,"Exakt nachgerechnet; alle gleichwertigen Schreibweisen."
e61dfd20-5b7c-4f12-94f9-f38a51ab64c5,bedingt-vierfeld-03,2,parts.2.afb,II,neu,mittel,Wie die Aufgabe.
e61dfd20-5b7c-4f12-94f9-f38a51ab64c5,bedingt-vierfeld-03,2,parts.2.competency_content,stochastik,neu,hoch,Wie die Aufgabe.
e61dfd20-5b7c-4f12-94f9-f38a51ab64c5,bedingt-vierfeld-03,2,correct_answers.2,"[""0,22"",""+0,22"",""0.22"",""+0.22""]",neu,hoch,"Exakt nachgerechnet; alle gleichwertigen Schreibweisen."
e61dfd20-5b7c-4f12-94f9-f38a51ab64c5,bedingt-vierfeld-03,,solution,"Nicht gedüngt, blüht = Blüht insgesamt − Gedüngt, blüht = 140 − 86 = 54.
Relative Häufigkeit = 54 : 250 = 0,216 ≈ 0,22.",neu,hoch,Nachgerechnet.
e61dfd20-5b7c-4f12-94f9-f38a51ab64c5,bedingt-vierfeld-03,,typical_errors,"[{""error"":""Von „Gedüngt insgesamt“ statt von „Blüht insgesamt“ abgezogen: 120 − 86."",""socratic_question"":""Welche Summe besteht aus „Gedüngt, blüht“ und „Nicht gedüngt, blüht“?""},{""error"":""Addiert statt subtrahiert: 140 + 86."",""socratic_question"":""Kann ein Teil der blühenden Pflanzen mehr sein als alle blühenden?""},{""error"":""Mit dem falsch ergänzten Feld 120 − 86 = 34 weitergerechnet: 34 : 250."",""socratic_question"":""Stimmt die Anzahl, die du durch 250 geteilt hast?""},{""error"":""Den Kehrwert gebildet: 250 : 54."",""socratic_question"":""Kann ein Anteil an allen Pflanzen größer als 1 sein?""},{""error"":""Als Prozentzahl statt als Dezimalzahl angegeben: 21,6."",""socratic_question"":""Ist nach Prozent oder nach einer Dezimalzahl zwischen 0 und 1 gefragt?""}]",neu,hoch,"Aus acceptance.known_errors (randsumme_verwechselt, falsche_operation, bezug_vertauscht, dezimalverschiebung)."
e61dfd20-5b7c-4f12-94f9-f38a51ab64c5,bedingt-vierfeld-03,,hints,,bewusst leer,,"Auftrag W4-k9-rest: ohne Hilfe lösbar (LSA), keine Hinweise."
e61dfd20-5b7c-4f12-94f9-f38a51ab64c5,bedingt-vierfeld-03,1,"zeit_teile (nur CSV, keine DB-Spalte)",30,neu,mittel,"Teilbudget; Summe = est_duration_sec"
e61dfd20-5b7c-4f12-94f9-f38a51ab64c5,bedingt-vierfeld-03,2,"zeit_teile (nur CSV, keine DB-Spalte)",30,neu,mittel,"Teilbudget; Summe = est_duration_sec"
e61dfd20-5b7c-4f12-94f9-f38a51ab64c5,bedingt-vierfeld-03,1,acceptance.known_errors (keine UI),"{""34"":""randsumme_verwechselt"",""226"":""falsche_operation"",""+34"":""randsumme_verwechselt"",""+226"":""falsche_operation""}",neu,hoch,Falscher Wert → Fehlbild-Slug
e61dfd20-5b7c-4f12-94f9-f38a51ab64c5,bedingt-vierfeld-03,2,acceptance.known_errors (keine UI),"{""0,14"":""randsumme_verwechselt"",""+0,14"":""randsumme_verwechselt"",""0.14"":""randsumme_verwechselt"",""+0.14"":""randsumme_verwechselt"",""4,63"":""bezug_vertauscht"",""+4,63"":""bezug_vertauscht"",""4.63"":""bezug_vertauscht"",""+4.63"":""bezug_vertauscht"",""21,6"":""dezimalverschiebung"",""+21,6"":""dezimalverschiebung"",""21.6"":""dezimalverschiebung"",""+21.6"":""dezimalverschiebung""}",neu,hoch,Falscher Wert → Fehlbild-Slug
e61dfd20-5b7c-4f12-94f9-f38a51ab64c5,bedingt-vierfeld-03,,sondierrang (keine UI),2,neu,mittel,"bedingt-vierfeld-04 = 1, bedingt-vierfeld-03 = 2. Rang 1 aus Profil {dezimalverschiebung,falsche_groesse_beantwortet,falsche_operation,grundwert_verwechselt,randsumme_verwechselt}, Rang 2 aus Profil {bezug_vertauscht,dezimalverschiebung,falsche_operation,randsumme_verwechselt} (1 neue Fehlbilder)"
52f02da3-efb0-4667-8387-506d491e74c5,bedingt-vierfeld-04,,afb,II,neu,mittel,"Anwenden: Felder erst aus Prozentangaben bestimmen, dann über Randsummen ergänzen."
52f02da3-efb0-4667-8387-506d491e74c5,bedingt-vierfeld-04,,est_duration_sec,60,neu,mittel,"Zeitregel: AFB II, kein Sachkontext."
52f02da3-efb0-4667-8387-506d491e74c5,bedingt-vierfeld-04,,curriculum_grade,9,neu,hoch,"Stoffanker Klasse 9: KLP G9 NRW, Zweite Stufe, Sto-3/Sto-4/Sto-5 (Vierfeldertafel, bedingte Wahrscheinlichkeit, Darstellungen beurteilen)."
52f02da3-efb0-4667-8387-506d491e74c5,bedingt-vierfeld-04,,cluster_id,9fdfed01-ebda-4c79-89ea-5accacefee93,neu,hoch,Daten & Zufall wie die Stochastik-Knoten im Bestand.
52f02da3-efb0-4667-8387-506d491e74c5,bedingt-vierfeld-04,,competency_content,stochastik,neu,hoch,Inhaltsfeld Stochastik (Sto-3 bis Sto-5).
52f02da3-efb0-4667-8387-506d491e74c5,bedingt-vierfeld-04,,competency_process,Operieren,neu,mittel,Rechnen nach festem Verfahren.
52f02da3-efb0-4667-8387-506d491e74c5,bedingt-vierfeld-04,,needs_image,false,neu,hoch,"Alle Angaben stehen im Text, keine Abbildung nötig."
52f02da3-efb0-4667-8387-506d491e74c5,bedingt-vierfeld-04,1,parts.1.afb,II,neu,mittel,Wie die Aufgabe.
52f02da3-efb0-4667-8387-506d491e74c5,bedingt-vierfeld-04,1,parts.1.competency_content,stochastik,neu,hoch,Wie die Aufgabe.
52f02da3-efb0-4667-8387-506d491e74c5,bedingt-vierfeld-04,1,correct_answers.1,"[""12"",""+12""]",neu,hoch,"Exakt nachgerechnet; alle gleichwertigen Schreibweisen."
52f02da3-efb0-4667-8387-506d491e74c5,bedingt-vierfeld-04,2,parts.2.afb,II,neu,mittel,Wie die Aufgabe.
52f02da3-efb0-4667-8387-506d491e74c5,bedingt-vierfeld-04,2,parts.2.competency_content,stochastik,neu,hoch,Wie die Aufgabe.
52f02da3-efb0-4667-8387-506d491e74c5,bedingt-vierfeld-04,2,correct_answers.2,"[""14"",""+14""]",neu,hoch,"Exakt nachgerechnet; alle gleichwertigen Schreibweisen."
52f02da3-efb0-4667-8387-506d491e74c5,bedingt-vierfeld-04,3,parts.3.afb,II,neu,mittel,Wie die Aufgabe.
52f02da3-efb0-4667-8387-506d491e74c5,bedingt-vierfeld-04,3,parts.3.competency_content,stochastik,neu,hoch,Wie die Aufgabe.
52f02da3-efb0-4667-8387-506d491e74c5,bedingt-vierfeld-04,3,correct_answers.3,"[""146"",""+146""]",neu,hoch,"Exakt nachgerechnet; alle gleichwertigen Schreibweisen."
52f02da3-efb0-4667-8387-506d491e74c5,bedingt-vierfeld-04,,solution,"Maschine A: 60 % von 400 = 240 Werkstücke, davon 5 % fehlerhaft: 240 · 0,05 = 12.
Fehlerhaft von Maschine B = 26 − 12 = 14.
Maschine B: 400 − 240 = 160 Werkstücke, davon fehlerfrei 160 − 14 = 146.",neu,hoch,Nachgerechnet.
52f02da3-efb0-4667-8387-506d491e74c5,bedingt-vierfeld-04,,typical_errors,"[{""error"":""5 % von allen 400 Werkstücken genommen statt von den 240 aus Maschine A."",""socratic_question"":""Worauf beziehen sich die 5 % – auf alle Werkstücke oder nur auf die von Maschine A?""},{""error"":""5 % als 0,5 gerechnet statt als 0,05: 240 · 0,5."",""socratic_question"":""Wie schreibt man 5 % als Dezimalzahl?""},{""error"":""Addiert statt subtrahiert: 26 + 12."",""socratic_question"":""Können die fehlerhaften von Maschine B mehr sein als alle fehlerhaften?""},{""error"":""Mit den falschen 20 fehlerhaften von A weitergerechnet: 26 − 20."",""socratic_question"":""Wie viele Werkstücke kommen von Maschine A, und wie viele davon sind fehlerhaft?""},{""error"":""Von „Fehlerfrei insgesamt“ (374) statt von „Maschine B insgesamt“ (160) abgezogen: 374 − 14."",""socratic_question"":""Welche Summe besteht aus fehlerhaften und fehlerfreien Werkstücken von Maschine B?""},{""error"":""Alle Werkstücke von Maschine B angegeben, auch die fehlerhaften."",""socratic_question"":""Sind in deiner Zahl auch fehlerhafte Werkstücke enthalten?""}]",neu,hoch,"Aus acceptance.known_errors (grundwert_verwechselt, dezimalverschiebung, falsche_operation, randsumme_verwechselt, falsche_groesse_beantwortet)."
52f02da3-efb0-4667-8387-506d491e74c5,bedingt-vierfeld-04,,hints,,bewusst leer,,"Auftrag W4-k9-rest: ohne Hilfe lösbar (LSA), keine Hinweise."
52f02da3-efb0-4667-8387-506d491e74c5,bedingt-vierfeld-04,1,"zeit_teile (nur CSV, keine DB-Spalte)",20,neu,mittel,"Teilbudget; Summe = est_duration_sec"
52f02da3-efb0-4667-8387-506d491e74c5,bedingt-vierfeld-04,2,"zeit_teile (nur CSV, keine DB-Spalte)",20,neu,mittel,"Teilbudget; Summe = est_duration_sec"
52f02da3-efb0-4667-8387-506d491e74c5,bedingt-vierfeld-04,3,"zeit_teile (nur CSV, keine DB-Spalte)",20,neu,mittel,"Teilbudget; Summe = est_duration_sec"
52f02da3-efb0-4667-8387-506d491e74c5,bedingt-vierfeld-04,1,acceptance.known_errors (keine UI),"{""20"":""grundwert_verwechselt"",""120"":""dezimalverschiebung"",""+20"":""grundwert_verwechselt"",""+120"":""dezimalverschiebung""}",neu,hoch,Falscher Wert → Fehlbild-Slug
52f02da3-efb0-4667-8387-506d491e74c5,bedingt-vierfeld-04,2,acceptance.known_errors (keine UI),"{""6"":""grundwert_verwechselt"",""38"":""falsche_operation"",""+38"":""falsche_operation"",""+6"":""grundwert_verwechselt""}",neu,hoch,Falscher Wert → Fehlbild-Slug
52f02da3-efb0-4667-8387-506d491e74c5,bedingt-vierfeld-04,3,acceptance.known_errors (keine UI),"{""160"":""falsche_groesse_beantwortet"",""360"":""randsumme_verwechselt"",""+360"":""randsumme_verwechselt"",""+160"":""falsche_groesse_beantwortet""}",neu,hoch,Falscher Wert → Fehlbild-Slug
52f02da3-efb0-4667-8387-506d491e74c5,bedingt-vierfeld-04,,sondierrang (keine UI),1,neu,mittel,"bedingt-vierfeld-04 = 1, bedingt-vierfeld-03 = 2. Rang 1 aus Profil {dezimalverschiebung,falsche_groesse_beantwortet,falsche_operation,grundwert_verwechselt,randsumme_verwechselt}, Rang 2 aus Profil {bezug_vertauscht,dezimalverschiebung,falsche_operation,randsumme_verwechselt} (1 neue Fehlbilder)"
2f7128fa-73b2-4686-97b3-7a23bd286196,bedingt-vierfeld-05,,afb,II,neu,mittel,Anwenden im Sachkontext: Tafel mit relativen Häufigkeiten ergänzen und auf die Zahl der Fahrzeuge zurückrechnen.
2f7128fa-73b2-4686-97b3-7a23bd286196,bedingt-vierfeld-05,,est_duration_sec,90,neu,mittel,Zeitregel: AFB II + Sachkontext.
2f7128fa-73b2-4686-97b3-7a23bd286196,bedingt-vierfeld-05,,curriculum_grade,9,neu,hoch,"Stoffanker Klasse 9: KLP G9 NRW, Zweite Stufe, Sto-3/Sto-4/Sto-5 (Vierfeldertafel, bedingte Wahrscheinlichkeit, Darstellungen beurteilen)."
2f7128fa-73b2-4686-97b3-7a23bd286196,bedingt-vierfeld-05,,cluster_id,9fdfed01-ebda-4c79-89ea-5accacefee93,neu,hoch,Daten & Zufall wie die Stochastik-Knoten im Bestand.
2f7128fa-73b2-4686-97b3-7a23bd286196,bedingt-vierfeld-05,,competency_content,stochastik,neu,hoch,Inhaltsfeld Stochastik (Sto-3 bis Sto-5).
2f7128fa-73b2-4686-97b3-7a23bd286196,bedingt-vierfeld-05,,competency_process,"Modellieren, Operieren",neu,mittel,"Sachsituation in eine Rechnung übersetzen, dann rechnen."
2f7128fa-73b2-4686-97b3-7a23bd286196,bedingt-vierfeld-05,,needs_image,false,neu,hoch,"Alle Angaben stehen im Text, keine Abbildung nötig."
2f7128fa-73b2-4686-97b3-7a23bd286196,bedingt-vierfeld-05,1,parts.1.afb,II,neu,mittel,Wie die Aufgabe.
2f7128fa-73b2-4686-97b3-7a23bd286196,bedingt-vierfeld-05,1,parts.1.competency_content,stochastik,neu,hoch,Wie die Aufgabe.
2f7128fa-73b2-4686-97b3-7a23bd286196,bedingt-vierfeld-05,1,correct_answers.1,"[""0,47"",""+0,47"",""0.47"",""+0.47""]",neu,hoch,"Exakt nachgerechnet; alle gleichwertigen Schreibweisen."
2f7128fa-73b2-4686-97b3-7a23bd286196,bedingt-vierfeld-05,2,parts.2.afb,II,neu,mittel,Wie die Aufgabe.
2f7128fa-73b2-4686-97b3-7a23bd286196,bedingt-vierfeld-05,2,parts.2.competency_content,stochastik,neu,hoch,Wie die Aufgabe.
2f7128fa-73b2-4686-97b3-7a23bd286196,bedingt-vierfeld-05,2,correct_answers.2,"[""0,12"",""+0,12"",""0.12"",""+0.12""]",neu,hoch,"Exakt nachgerechnet; alle gleichwertigen Schreibweisen."
2f7128fa-73b2-4686-97b3-7a23bd286196,bedingt-vierfeld-05,3,parts.3.afb,II,neu,mittel,Wie die Aufgabe.
2f7128fa-73b2-4686-97b3-7a23bd286196,bedingt-vierfeld-05,3,parts.3.competency_content,stochastik,neu,hoch,Wie die Aufgabe.
2f7128fa-73b2-4686-97b3-7a23bd286196,bedingt-vierfeld-05,3,correct_answers.3,"[""0,23"",""+0,23"",""0.23"",""+0.23""]",neu,hoch,"Exakt nachgerechnet; alle gleichwertigen Schreibweisen."
2f7128fa-73b2-4686-97b3-7a23bd286196,bedingt-vierfeld-05,4,parts.4.afb,II,neu,mittel,Wie die Aufgabe.
2f7128fa-73b2-4686-97b3-7a23bd286196,bedingt-vierfeld-05,4,parts.4.competency_content,stochastik,neu,hoch,Wie die Aufgabe.
2f7128fa-73b2-4686-97b3-7a23bd286196,bedingt-vierfeld-05,4,correct_answers.4,"[""48"",""+48""]",neu,hoch,"Exakt nachgerechnet; alle gleichwertigen Schreibweisen."
2f7128fa-73b2-4686-97b3-7a23bd286196,bedingt-vierfeld-05,,solution,"Autos geradeaus = 0,65 − 0,18 = 0,47.
Andere abbiegend = 0,30 − 0,18 = 0,12.
Andere insgesamt = 1 − 0,65 = 0,35, also andere geradeaus = 0,35 − 0,12 = 0,23.
Anzahl andere abbiegend = 400 · 0,12 = 48.",neu,hoch,Nachgerechnet.
2f7128fa-73b2-4686-97b3-7a23bd286196,bedingt-vierfeld-05,,typical_errors,"[{""error"":""Von „Abbiegende insgesamt“ statt von „Autos insgesamt“ abgezogen: 0,30 − 0,18."",""socratic_question"":""Welche Summe besteht aus abbiegenden und geradeaus fahrenden Autos?""},{""error"":""Addiert statt subtrahiert: 0,65 + 0,18."",""socratic_question"":""Kann ein Teil der Autos einen größeren Anteil haben als alle Autos?""},{""error"":""Von „Autos insgesamt“ statt von „Abbiegende insgesamt“ abgezogen: 0,65 − 0,18."",""socratic_question"":""Welche Summe besteht aus abbiegenden Autos und abbiegenden anderen Fahrzeugen?""},{""error"":""Addiert statt subtrahiert: 0,30 + 0,18."",""socratic_question"":""Kann ein Teil der Abbieger einen größeren Anteil haben als alle Abbieger?""},{""error"":""Den Anteil aller anderen Fahrzeuge angegeben, auch der abbiegenden."",""socratic_question"":""Sind in deinem Anteil auch andere Fahrzeuge enthalten, die abbiegen?""},{""error"":""Von „Geradeaus insgesamt“ (0,70) die abbiegenden anderen Fahrzeuge abgezogen: 0,70 − 0,12."",""socratic_question"":""Gehören die abbiegenden anderen Fahrzeuge zu den Geradeausfahrern?""},{""error"":""Mit dem falschen Anteil 0,47 weitergerechnet: 400 · 0,47."",""socratic_question"":""Welcher Anteil gehört zu den anderen Fahrzeugen, die abbiegen?""},{""error"":""Das Komma verschoben: 400 · 1,2 statt 400 · 0,12."",""socratic_question"":""Können mehr Fahrzeuge abgebogen sein als gezählt wurden?""}]",neu,hoch,"Aus acceptance.known_errors (randsumme_verwechselt, falsche_operation, falsche_groesse_beantwortet, dezimalverschiebung)."
2f7128fa-73b2-4686-97b3-7a23bd286196,bedingt-vierfeld-05,,hints,,bewusst leer,,"Auftrag W4-k9-rest: ohne Hilfe lösbar (LSA), keine Hinweise."
2f7128fa-73b2-4686-97b3-7a23bd286196,bedingt-vierfeld-05,1,"zeit_teile (nur CSV, keine DB-Spalte)",24,neu,mittel,"Teilbudget; Summe = est_duration_sec"
2f7128fa-73b2-4686-97b3-7a23bd286196,bedingt-vierfeld-05,2,"zeit_teile (nur CSV, keine DB-Spalte)",22,neu,mittel,"Teilbudget; Summe = est_duration_sec"
2f7128fa-73b2-4686-97b3-7a23bd286196,bedingt-vierfeld-05,3,"zeit_teile (nur CSV, keine DB-Spalte)",22,neu,mittel,"Teilbudget; Summe = est_duration_sec"
2f7128fa-73b2-4686-97b3-7a23bd286196,bedingt-vierfeld-05,4,"zeit_teile (nur CSV, keine DB-Spalte)",22,neu,mittel,"Teilbudget; Summe = est_duration_sec"
2f7128fa-73b2-4686-97b3-7a23bd286196,bedingt-vierfeld-05,1,acceptance.known_errors (keine UI),"{""0,12"":""randsumme_verwechselt"",""+0,12"":""randsumme_verwechselt"",""0.12"":""randsumme_verwechselt"",""+0.12"":""randsumme_verwechselt"",""0,83"":""falsche_operation"",""+0,83"":""falsche_operation"",""0.83"":""falsche_operation"",""+0.83"":""falsche_operation""}",neu,hoch,Falscher Wert → Fehlbild-Slug
2f7128fa-73b2-4686-97b3-7a23bd286196,bedingt-vierfeld-05,2,acceptance.known_errors (keine UI),"{""0,47"":""randsumme_verwechselt"",""+0,47"":""randsumme_verwechselt"",""0.47"":""randsumme_verwechselt"",""+0.47"":""randsumme_verwechselt"",""0,48"":""falsche_operation"",""+0,48"":""falsche_operation"",""0.48"":""falsche_operation"",""+0.48"":""falsche_operation""}",neu,hoch,Falscher Wert → Fehlbild-Slug
2f7128fa-73b2-4686-97b3-7a23bd286196,bedingt-vierfeld-05,3,acceptance.known_errors (keine UI),"{""0,35"":""falsche_groesse_beantwortet"",""+0,35"":""falsche_groesse_beantwortet"",""0.35"":""falsche_groesse_beantwortet"",""+0.35"":""falsche_groesse_beantwortet"",""0,58"":""randsumme_verwechselt"",""+0,58"":""randsumme_verwechselt"",""0.58"":""randsumme_verwechselt"",""+0.58"":""randsumme_verwechselt""}",neu,hoch,Falscher Wert → Fehlbild-Slug
2f7128fa-73b2-4686-97b3-7a23bd286196,bedingt-vierfeld-05,4,acceptance.known_errors (keine UI),"{""188"":""randsumme_verwechselt"",""480"":""dezimalverschiebung"",""+188"":""randsumme_verwechselt"",""+480"":""dezimalverschiebung""}",neu,hoch,Falscher Wert → Fehlbild-Slug
1e23eb52-5227-413e-846c-db4109cc487b,bedingt-vierfeld-06,,afb,III,neu,mittel,"Problemlösen im Sachkontext: Tafel selbst anlegen, Prozent vom richtigen Grundwert nehmen und über zwei Summen ergänzen."
1e23eb52-5227-413e-846c-db4109cc487b,bedingt-vierfeld-06,,est_duration_sec,120,neu,mittel,Zeitregel: AFB III + Sachkontext.
1e23eb52-5227-413e-846c-db4109cc487b,bedingt-vierfeld-06,,curriculum_grade,9,neu,hoch,"Stoffanker Klasse 9: KLP G9 NRW, Zweite Stufe, Sto-3/Sto-4/Sto-5 (Vierfeldertafel, bedingte Wahrscheinlichkeit, Darstellungen beurteilen)."
1e23eb52-5227-413e-846c-db4109cc487b,bedingt-vierfeld-06,,cluster_id,9fdfed01-ebda-4c79-89ea-5accacefee93,neu,hoch,Daten & Zufall wie die Stochastik-Knoten im Bestand.
1e23eb52-5227-413e-846c-db4109cc487b,bedingt-vierfeld-06,,competency_content,stochastik,neu,hoch,Inhaltsfeld Stochastik (Sto-3 bis Sto-5).
1e23eb52-5227-413e-846c-db4109cc487b,bedingt-vierfeld-06,,competency_process,"Problemlösen, Operieren",neu,mittel,"Lösungsweg selbst finden, dann rechnen."
1e23eb52-5227-413e-846c-db4109cc487b,bedingt-vierfeld-06,,needs_image,false,neu,hoch,"Alle Angaben stehen im Text, keine Abbildung nötig."
1e23eb52-5227-413e-846c-db4109cc487b,bedingt-vierfeld-06,1,parts.1.afb,III,neu,mittel,Wie die Aufgabe.
1e23eb52-5227-413e-846c-db4109cc487b,bedingt-vierfeld-06,1,parts.1.competency_content,stochastik,neu,hoch,Wie die Aufgabe.
1e23eb52-5227-413e-846c-db4109cc487b,bedingt-vierfeld-06,1,correct_answers.1,"[""18"",""+18""]",neu,hoch,"Exakt nachgerechnet; alle gleichwertigen Schreibweisen."
1e23eb52-5227-413e-846c-db4109cc487b,bedingt-vierfeld-06,2,parts.2.afb,III,neu,mittel,Wie die Aufgabe.
1e23eb52-5227-413e-846c-db4109cc487b,bedingt-vierfeld-06,2,parts.2.competency_content,stochastik,neu,hoch,Wie die Aufgabe.
1e23eb52-5227-413e-846c-db4109cc487b,bedingt-vierfeld-06,2,correct_answers.2,"[""72"",""+72""]",neu,hoch,"Exakt nachgerechnet; alle gleichwertigen Schreibweisen."
1e23eb52-5227-413e-846c-db4109cc487b,bedingt-vierfeld-06,,solution,"Instrument: 40 % von 150 = 60. Davon im Chor: 25 % von 60 = 15.
Chor ohne Instrument = 33 − 15 = 18.
Kein Instrument: 150 − 60 = 90. Davon nicht im Chor: 90 − 18 = 72.
Probe: Nicht im Chor insgesamt = 150 − 33 = 117 = (60 − 15) + 72.",neu,hoch,Nachgerechnet.
1e23eb52-5227-413e-846c-db4109cc487b,bedingt-vierfeld-06,,typical_errors,"[{""error"":""Von „Instrument insgesamt“ (60) statt von „Chor insgesamt“ (33) abgezogen: 60 − 15."",""socratic_question"":""Welche Summe besteht aus „Chor mit Instrument“ und „Chor ohne Instrument“?""},{""error"":""Addiert statt subtrahiert: 33 + 15."",""socratic_question"":""Können mehr Chorsänger kein Instrument spielen, als es Chorsänger gibt?""},{""error"":""Alle angegeben, die nicht im Chor singen, auch die mit Instrument."",""socratic_question"":""Sind in deiner Zahl auch Schülerinnen und Schüler mit Instrument enthalten?""},{""error"":""Von „Nicht im Chor insgesamt“ (117) die Chorsänger ohne Instrument (18) abgezogen: 117 − 18."",""socratic_question"":""Gehören die Chorsänger ohne Instrument zu denen, die nicht im Chor singen?""}]",neu,hoch,"Aus acceptance.known_errors (randsumme_verwechselt, falsche_operation, falsche_groesse_beantwortet)."
1e23eb52-5227-413e-846c-db4109cc487b,bedingt-vierfeld-06,,hints,,bewusst leer,,"Auftrag W4-k9-rest: ohne Hilfe lösbar (LSA), keine Hinweise."
1e23eb52-5227-413e-846c-db4109cc487b,bedingt-vierfeld-06,1,"zeit_teile (nur CSV, keine DB-Spalte)",60,neu,mittel,"Teilbudget; Summe = est_duration_sec"
1e23eb52-5227-413e-846c-db4109cc487b,bedingt-vierfeld-06,2,"zeit_teile (nur CSV, keine DB-Spalte)",60,neu,mittel,"Teilbudget; Summe = est_duration_sec"
1e23eb52-5227-413e-846c-db4109cc487b,bedingt-vierfeld-06,1,acceptance.known_errors (keine UI),"{""45"":""randsumme_verwechselt"",""48"":""falsche_operation"",""+45"":""randsumme_verwechselt"",""+48"":""falsche_operation""}",neu,hoch,Falscher Wert → Fehlbild-Slug
1e23eb52-5227-413e-846c-db4109cc487b,bedingt-vierfeld-06,2,acceptance.known_errors (keine UI),"{""99"":""randsumme_verwechselt"",""117"":""falsche_groesse_beantwortet"",""+117"":""falsche_groesse_beantwortet"",""+99"":""randsumme_verwechselt""}",neu,hoch,Falscher Wert → Fehlbild-Slug
f1aa77f4-a66c-48a6-8981-1ec5e61cac94,bedingt-wkeit-01,,afb,I,neu,mittel,"Reproduzieren: Zellwert durch die passende Randsumme, Werte direkt ablesbar."
f1aa77f4-a66c-48a6-8981-1ec5e61cac94,bedingt-wkeit-01,,est_duration_sec,45,neu,mittel,"Zeitregel: AFB I, kein Sachkontext."
f1aa77f4-a66c-48a6-8981-1ec5e61cac94,bedingt-wkeit-01,,curriculum_grade,9,neu,hoch,"Stoffanker Klasse 9: KLP G9 NRW, Zweite Stufe, Sto-3/Sto-4/Sto-5 (Vierfeldertafel, bedingte Wahrscheinlichkeit, Darstellungen beurteilen)."
f1aa77f4-a66c-48a6-8981-1ec5e61cac94,bedingt-wkeit-01,,cluster_id,9fdfed01-ebda-4c79-89ea-5accacefee93,neu,hoch,Daten & Zufall wie die Stochastik-Knoten im Bestand.
f1aa77f4-a66c-48a6-8981-1ec5e61cac94,bedingt-wkeit-01,,competency_content,stochastik,neu,hoch,Inhaltsfeld Stochastik (Sto-3 bis Sto-5).
f1aa77f4-a66c-48a6-8981-1ec5e61cac94,bedingt-wkeit-01,,competency_process,Operieren,neu,mittel,Rechnen nach festem Verfahren.
f1aa77f4-a66c-48a6-8981-1ec5e61cac94,bedingt-wkeit-01,,needs_image,false,neu,hoch,"Alle Angaben stehen im Text, keine Abbildung nötig."
f1aa77f4-a66c-48a6-8981-1ec5e61cac94,bedingt-wkeit-01,,correct_answers,"[""0,67"",""+0,67"",""0.67"",""+0.67""]",neu,hoch,"Exakt nachgerechnet; alle gleichwertigen Schreibweisen."
f1aa77f4-a66c-48a6-8981-1ec5e61cac94,bedingt-wkeit-01,,solution,"Bedingung: Junge. Es zählen nur die 90 Jungen.
P(Haustier | Junge) = 60 : 90 ≈ 0,67.",neu,hoch,Nachgerechnet.
f1aa77f4-a66c-48a6-8981-1ec5e61cac94,bedingt-wkeit-01,,typical_errors,"[{""error"":""Durch alle 200 Befragten geteilt statt durch die 90 Jungen."",""socratic_question"":""Aus welcher Gruppe wird gezogen, wenn schon feststeht, dass es ein Junge ist?""},{""error"":""Durch alle mit Haustier geteilt: Das ist die Wahrscheinlichkeit, dass eine Person mit Haustier ein Junge ist."",""socratic_question"":""Steht fest, dass die Person ein Junge ist, oder dass sie ein Haustier hat?""},{""error"":""Den Kehrwert gebildet: 90 : 60."",""socratic_question"":""Kann eine Wahrscheinlichkeit größer als 1 sein?""}]",neu,hoch,"Aus acceptance.known_errors (gesamtheit_statt_bedingung, bedingung_vertauscht, bezug_vertauscht)."
f1aa77f4-a66c-48a6-8981-1ec5e61cac94,bedingt-wkeit-01,,hints,,bewusst leer,,"Auftrag W4-k9-rest: ohne Hilfe lösbar (LSA), keine Hinweise."
f1aa77f4-a66c-48a6-8981-1ec5e61cac94,bedingt-wkeit-01,,acceptance.known_errors (keine UI),"{""0,30"":""gesamtheit_statt_bedingung"",""+0,30"":""gesamtheit_statt_bedingung"",""0.30"":""gesamtheit_statt_bedingung"",""+0.30"":""gesamtheit_statt_bedingung"",""0,3"":""gesamtheit_statt_bedingung"",""+0,3"":""gesamtheit_statt_bedingung"",""0.3"":""gesamtheit_statt_bedingung"",""+0.3"":""gesamtheit_statt_bedingung"",""0,56"":""bedingung_vertauscht"",""+0,56"":""bedingung_vertauscht"",""0.56"":""bedingung_vertauscht"",""+0.56"":""bedingung_vertauscht"",""1,50"":""bezug_vertauscht"",""+1,50"":""bezug_vertauscht"",""1.50"":""bezug_vertauscht"",""+1.50"":""bezug_vertauscht"",""1,5"":""bezug_vertauscht"",""+1,5"":""bezug_vertauscht"",""1.5"":""bezug_vertauscht"",""+1.5"":""bezug_vertauscht""}",neu,hoch,Falscher Wert → Fehlbild-Slug
92bb0d6f-c6be-45ce-a0f1-d68021e5e95c,bedingt-wkeit-02,,afb,I,neu,mittel,"Reproduzieren: Zellwert durch Spaltensumme, Ergebnis in Prozent mit Rundung."
92bb0d6f-c6be-45ce-a0f1-d68021e5e95c,bedingt-wkeit-02,,est_duration_sec,45,neu,mittel,"Zeitregel: AFB I, kein Sachkontext."
92bb0d6f-c6be-45ce-a0f1-d68021e5e95c,bedingt-wkeit-02,,curriculum_grade,9,neu,hoch,"Stoffanker Klasse 9: KLP G9 NRW, Zweite Stufe, Sto-3/Sto-4/Sto-5 (Vierfeldertafel, bedingte Wahrscheinlichkeit, Darstellungen beurteilen)."
92bb0d6f-c6be-45ce-a0f1-d68021e5e95c,bedingt-wkeit-02,,cluster_id,9fdfed01-ebda-4c79-89ea-5accacefee93,neu,hoch,Daten & Zufall wie die Stochastik-Knoten im Bestand.
92bb0d6f-c6be-45ce-a0f1-d68021e5e95c,bedingt-wkeit-02,,competency_content,stochastik,neu,hoch,Inhaltsfeld Stochastik (Sto-3 bis Sto-5).
92bb0d6f-c6be-45ce-a0f1-d68021e5e95c,bedingt-wkeit-02,,competency_process,Operieren,neu,mittel,Rechnen nach festem Verfahren.
92bb0d6f-c6be-45ce-a0f1-d68021e5e95c,bedingt-wkeit-02,,needs_image,false,neu,hoch,"Alle Angaben stehen im Text, keine Abbildung nötig."
92bb0d6f-c6be-45ce-a0f1-d68021e5e95c,bedingt-wkeit-02,,correct_answers,"[""37,9"",""+37,9"",""37.9"",""+37.9""]",neu,hoch,"Exakt nachgerechnet; alle gleichwertigen Schreibweisen."
92bb0d6f-c6be-45ce-a0f1-d68021e5e95c,bedingt-wkeit-02,,solution,"Bedingung: fehlerhaft. Es zählen nur die 29 fehlerhaften Bauteile, davon 11 von Lieferant B.
P(B | fehlerhaft) = 11 : 29 ≈ 0,3793, also ≈ 37,9 %.",neu,hoch,Nachgerechnet.
92bb0d6f-c6be-45ce-a0f1-d68021e5e95c,bedingt-wkeit-02,,typical_errors,"[{""error"":""Durch alle 500 Bauteile geteilt statt durch die 29 fehlerhaften."",""socratic_question"":""Aus welchen Bauteilen wird gezogen?""},{""error"":""Durch alle Bauteile von Lieferant B geteilt: Das ist der Anteil fehlerhafter Teile bei Lieferant B."",""socratic_question"":""Steht fest, dass das Teil fehlerhaft ist, oder dass es von Lieferant B kommt?""},{""error"":""Den Kehrwert gebildet: 29 : 11."",""socratic_question"":""Kann eine Wahrscheinlichkeit mehr als 100 % betragen?""}]",neu,hoch,"Aus acceptance.known_errors (gesamtheit_statt_bedingung, bedingung_vertauscht, bezug_vertauscht)."
92bb0d6f-c6be-45ce-a0f1-d68021e5e95c,bedingt-wkeit-02,,hints,,bewusst leer,,"Auftrag W4-k9-rest: ohne Hilfe lösbar (LSA), keine Hinweise."
92bb0d6f-c6be-45ce-a0f1-d68021e5e95c,bedingt-wkeit-02,,acceptance.known_errors (keine UI),"{""2,2"":""gesamtheit_statt_bedingung"",""+2,2"":""gesamtheit_statt_bedingung"",""2.2"":""gesamtheit_statt_bedingung"",""+2.2"":""gesamtheit_statt_bedingung"",""5,5"":""bedingung_vertauscht"",""+5,5"":""bedingung_vertauscht"",""5.5"":""bedingung_vertauscht"",""+5.5"":""bedingung_vertauscht"",""263,6"":""bezug_vertauscht"",""+263,6"":""bezug_vertauscht"",""263.6"":""bezug_vertauscht"",""+263.6"":""bezug_vertauscht""}",neu,hoch,Falscher Wert → Fehlbild-Slug
15c3975c-0191-4062-9316-1000bf387b74,bedingt-wkeit-03,,afb,II,neu,mittel,Anwenden: richtige Teilgruppe wählen und das Ergebnis als gekürzten Bruch angeben.
15c3975c-0191-4062-9316-1000bf387b74,bedingt-wkeit-03,,est_duration_sec,60,neu,mittel,"Zeitregel: AFB II, kein Sachkontext."
15c3975c-0191-4062-9316-1000bf387b74,bedingt-wkeit-03,,curriculum_grade,9,neu,hoch,"Stoffanker Klasse 9: KLP G9 NRW, Zweite Stufe, Sto-3/Sto-4/Sto-5 (Vierfeldertafel, bedingte Wahrscheinlichkeit, Darstellungen beurteilen)."
15c3975c-0191-4062-9316-1000bf387b74,bedingt-wkeit-03,,cluster_id,9fdfed01-ebda-4c79-89ea-5accacefee93,neu,hoch,Daten & Zufall wie die Stochastik-Knoten im Bestand.
15c3975c-0191-4062-9316-1000bf387b74,bedingt-wkeit-03,,competency_content,stochastik,neu,hoch,Inhaltsfeld Stochastik (Sto-3 bis Sto-5).
15c3975c-0191-4062-9316-1000bf387b74,bedingt-wkeit-03,,competency_process,Operieren,neu,mittel,Rechnen nach festem Verfahren.
15c3975c-0191-4062-9316-1000bf387b74,bedingt-wkeit-03,,needs_image,false,neu,hoch,"Alle Angaben stehen im Text, keine Abbildung nötig."
15c3975c-0191-4062-9316-1000bf387b74,bedingt-wkeit-03,,correct_answers,"[""0,36"",""+0,36"",""0.36"",""+0.36"",""9/25"",""+9/25""]",neu,hoch,"Exakt nachgerechnet; alle gleichwertigen Schreibweisen."
15c3975c-0191-4062-9316-1000bf387b74,bedingt-wkeit-03,,solution,"Bedingung: erwachsen. Es zählen nur die 50 Erwachsenen, davon schwimmen 18.
P(schwimmt | erwachsen) = 18/50 = 9/25 = 0,36.",neu,hoch,Nachgerechnet.
15c3975c-0191-4062-9316-1000bf387b74,bedingt-wkeit-03,,typical_errors,"[{""error"":""Durch alle 120 Mitglieder geteilt statt durch die 50 Erwachsenen."",""socratic_question"":""Aus welcher Gruppe wird gezogen, wenn feststeht, dass das Mitglied erwachsen ist?""},{""error"":""Durch alle Schwimmer geteilt: Das ist die Wahrscheinlichkeit, dass ein Schwimmer erwachsen ist."",""socratic_question"":""Steht fest, dass das Mitglied erwachsen ist, oder dass es schwimmt?""},{""error"":""Den Kehrwert gebildet: 50/18."",""socratic_question"":""Kann eine Wahrscheinlichkeit größer als 1 sein?""}]",neu,hoch,"Aus acceptance.known_errors (gesamtheit_statt_bedingung, bedingung_vertauscht, bezug_vertauscht)."
15c3975c-0191-4062-9316-1000bf387b74,bedingt-wkeit-03,,hints,,bewusst leer,,"Auftrag W4-k9-rest: ohne Hilfe lösbar (LSA), keine Hinweise."
15c3975c-0191-4062-9316-1000bf387b74,bedingt-wkeit-03,,acceptance.known_errors (keine UI),"{""0,15"":""gesamtheit_statt_bedingung"",""+0,15"":""gesamtheit_statt_bedingung"",""0.15"":""gesamtheit_statt_bedingung"",""+0.15"":""gesamtheit_statt_bedingung"",""3/20"":""gesamtheit_statt_bedingung"",""+3/20"":""gesamtheit_statt_bedingung"",""0,3"":""bedingung_vertauscht"",""+0,3"":""bedingung_vertauscht"",""0.3"":""bedingung_vertauscht"",""+0.3"":""bedingung_vertauscht"",""3/10"":""bedingung_vertauscht"",""+3/10"":""bedingung_vertauscht"",""25/9"":""bezug_vertauscht"",""+25/9"":""bezug_vertauscht""}",neu,hoch,Falscher Wert → Fehlbild-Slug
15c3975c-0191-4062-9316-1000bf387b74,bedingt-wkeit-03,,sondierrang (keine UI),2,neu,mittel,"bedingt-wkeit-06 = 1, bedingt-wkeit-03 = 2. Rang 1 aus Profil {bedingung_vertauscht,falsche_groesse_beantwortet,gesamtheit_statt_bedingung}, Rang 2 aus Profil {bedingung_vertauscht,bezug_vertauscht,gesamtheit_statt_bedingung} (1 neue Fehlbilder)"
860f4fc6-feff-4a62-86f4-83b799940023,bedingt-wkeit-04,,afb,II,neu,mittel,"Anwenden: zwei Felder der Tafel erst ergänzen, dann die bedingte Wahrscheinlichkeit bilden."
860f4fc6-feff-4a62-86f4-83b799940023,bedingt-wkeit-04,,est_duration_sec,60,neu,mittel,"Zeitregel: AFB II, kein Sachkontext."
860f4fc6-feff-4a62-86f4-83b799940023,bedingt-wkeit-04,,curriculum_grade,9,neu,hoch,"Stoffanker Klasse 9: KLP G9 NRW, Zweite Stufe, Sto-3/Sto-4/Sto-5 (Vierfeldertafel, bedingte Wahrscheinlichkeit, Darstellungen beurteilen)."
860f4fc6-feff-4a62-86f4-83b799940023,bedingt-wkeit-04,,cluster_id,9fdfed01-ebda-4c79-89ea-5accacefee93,neu,hoch,Daten & Zufall wie die Stochastik-Knoten im Bestand.
860f4fc6-feff-4a62-86f4-83b799940023,bedingt-wkeit-04,,competency_content,stochastik,neu,hoch,Inhaltsfeld Stochastik (Sto-3 bis Sto-5).
860f4fc6-feff-4a62-86f4-83b799940023,bedingt-wkeit-04,,competency_process,Operieren,neu,mittel,Rechnen nach festem Verfahren.
860f4fc6-feff-4a62-86f4-83b799940023,bedingt-wkeit-04,,needs_image,false,neu,hoch,"Alle Angaben stehen im Text, keine Abbildung nötig."
860f4fc6-feff-4a62-86f4-83b799940023,bedingt-wkeit-04,,correct_answers,"[""0,60"",""+0,60"",""0.60"",""+0.60"",""0,6"",""+0,6"",""0.6"",""+0.6""]",neu,hoch,"Exakt nachgerechnet; alle gleichwertigen Schreibweisen."
860f4fc6-feff-4a62-86f4-83b799940023,bedingt-wkeit-04,,solution,"Kinder insgesamt = 250 − 150 = 100.
Kinder mit Popcorn = 105 − 45 = 60.
P(Popcorn | Kind) = 60 : 100 = 0,60.",neu,hoch,Nachgerechnet.
860f4fc6-feff-4a62-86f4-83b799940023,bedingt-wkeit-04,,typical_errors,"[{""error"":""Durch alle 250 Besucher geteilt statt durch die 100 Kinder."",""socratic_question"":""Aus welcher Gruppe wird gezogen, wenn feststeht, dass es ein Kind ist?""},{""error"":""Durch alle mit Popcorn geteilt: Das ist die Wahrscheinlichkeit, dass eine Person mit Popcorn ein Kind ist."",""socratic_question"":""Steht fest, dass die Person ein Kind ist, oder dass sie Popcorn hat?""},{""error"":""Die Kinder falsch ergänzt: 250 − 105 = 145 (das sind alle ohne Popcorn) statt 250 − 150 = 100."",""socratic_question"":""Welche Summe besteht aus Erwachsenen und Kindern?""}]",neu,hoch,"Aus acceptance.known_errors (gesamtheit_statt_bedingung, bedingung_vertauscht, randsumme_verwechselt)."
860f4fc6-feff-4a62-86f4-83b799940023,bedingt-wkeit-04,,hints,,bewusst leer,,"Auftrag W4-k9-rest: ohne Hilfe lösbar (LSA), keine Hinweise."
860f4fc6-feff-4a62-86f4-83b799940023,bedingt-wkeit-04,,acceptance.known_errors (keine UI),"{""0,24"":""gesamtheit_statt_bedingung"",""+0,24"":""gesamtheit_statt_bedingung"",""0.24"":""gesamtheit_statt_bedingung"",""+0.24"":""gesamtheit_statt_bedingung"",""0,57"":""bedingung_vertauscht"",""+0,57"":""bedingung_vertauscht"",""0.57"":""bedingung_vertauscht"",""+0.57"":""bedingung_vertauscht"",""0,41"":""randsumme_verwechselt"",""+0,41"":""randsumme_verwechselt"",""0.41"":""randsumme_verwechselt"",""+0.41"":""randsumme_verwechselt""}",neu,hoch,Falscher Wert → Fehlbild-Slug
cdb39700-560b-4daa-9d8d-dc112752dcea,bedingt-wkeit-05,,afb,II,neu,mittel,"Anwenden im Sachkontext: Tafel aus einem Text gewinnen, Bedingung „Roman“ erkennen und in Prozent angeben."
cdb39700-560b-4daa-9d8d-dc112752dcea,bedingt-wkeit-05,,est_duration_sec,90,neu,mittel,Zeitregel: AFB II + Sachkontext.
cdb39700-560b-4daa-9d8d-dc112752dcea,bedingt-wkeit-05,,curriculum_grade,9,neu,hoch,"Stoffanker Klasse 9: KLP G9 NRW, Zweite Stufe, Sto-3/Sto-4/Sto-5 (Vierfeldertafel, bedingte Wahrscheinlichkeit, Darstellungen beurteilen)."
cdb39700-560b-4daa-9d8d-dc112752dcea,bedingt-wkeit-05,,cluster_id,9fdfed01-ebda-4c79-89ea-5accacefee93,neu,hoch,Daten & Zufall wie die Stochastik-Knoten im Bestand.
cdb39700-560b-4daa-9d8d-dc112752dcea,bedingt-wkeit-05,,competency_content,stochastik,neu,hoch,Inhaltsfeld Stochastik (Sto-3 bis Sto-5).
cdb39700-560b-4daa-9d8d-dc112752dcea,bedingt-wkeit-05,,competency_process,"Modellieren, Operieren",neu,mittel,"Sachsituation in eine Rechnung übersetzen, dann rechnen."
cdb39700-560b-4daa-9d8d-dc112752dcea,bedingt-wkeit-05,,needs_image,false,neu,hoch,"Alle Angaben stehen im Text, keine Abbildung nötig."
cdb39700-560b-4daa-9d8d-dc112752dcea,bedingt-wkeit-05,,correct_answers,"[""23,3"",""+23,3"",""23.3"",""+23.3""]",neu,hoch,"Exakt nachgerechnet; alle gleichwertigen Schreibweisen."
cdb39700-560b-4daa-9d8d-dc112752dcea,bedingt-wkeit-05,,solution,"Romane = 600 − 240 = 360.
Verlängerte Romane = 180 − 96 = 84.
Anteil = 84 : 360 ≈ 0,2333, also ≈ 23,3 %.",neu,hoch,Nachgerechnet.
cdb39700-560b-4daa-9d8d-dc112752dcea,bedingt-wkeit-05,,typical_errors,"[{""error"":""Durch alle 600 Ausleihen geteilt statt durch die 360 Romane."",""socratic_question"":""Bezieht sich die Frage auf alle Ausleihen oder nur auf die Romane?""},{""error"":""Durch alle verlängerten Ausleihen geteilt: Das ist der Anteil der Romane unter den Verlängerungen."",""socratic_question"":""Wird nach den Romanen gefragt, die verlängert wurden, oder nach den Verlängerungen, die Romane waren?""},{""error"":""Den Kehrwert gebildet: 360 : 84."",""socratic_question"":""Können mehr als 100 % der Romane verlängert worden sein?""}]",neu,hoch,"Aus acceptance.known_errors (gesamtheit_statt_bedingung, bedingung_vertauscht, bezug_vertauscht)."
cdb39700-560b-4daa-9d8d-dc112752dcea,bedingt-wkeit-05,,hints,,bewusst leer,,"Auftrag W4-k9-rest: ohne Hilfe lösbar (LSA), keine Hinweise."
cdb39700-560b-4daa-9d8d-dc112752dcea,bedingt-wkeit-05,,acceptance.known_errors (keine UI),"{""14"":""gesamtheit_statt_bedingung"",""14,0"":""gesamtheit_statt_bedingung"",""+14,0"":""gesamtheit_statt_bedingung"",""14.0"":""gesamtheit_statt_bedingung"",""+14.0"":""gesamtheit_statt_bedingung"",""+14"":""gesamtheit_statt_bedingung"",""46,7"":""bedingung_vertauscht"",""+46,7"":""bedingung_vertauscht"",""46.7"":""bedingung_vertauscht"",""+46.7"":""bedingung_vertauscht"",""428,6"":""bezug_vertauscht"",""+428,6"":""bezug_vertauscht"",""428.6"":""bezug_vertauscht"",""+428.6"":""bezug_vertauscht""}",neu,hoch,Falscher Wert → Fehlbild-Slug
2ad35b16-c351-4f0d-9cb1-8a6f564e9015,bedingt-wkeit-06,,afb,III,neu,mittel,Problemlösen: aus einer bedingten Wahrscheinlichkeit die Tafel aufbauen und die umgekehrte Bedingung bestimmen.
2ad35b16-c351-4f0d-9cb1-8a6f564e9015,bedingt-wkeit-06,,est_duration_sec,120,neu,mittel,Zeitregel: AFB III + Sachkontext.
2ad35b16-c351-4f0d-9cb1-8a6f564e9015,bedingt-wkeit-06,,curriculum_grade,9,neu,hoch,"Stoffanker Klasse 9: KLP G9 NRW, Zweite Stufe, Sto-3/Sto-4/Sto-5 (Vierfeldertafel, bedingte Wahrscheinlichkeit, Darstellungen beurteilen)."
2ad35b16-c351-4f0d-9cb1-8a6f564e9015,bedingt-wkeit-06,,cluster_id,9fdfed01-ebda-4c79-89ea-5accacefee93,neu,hoch,Daten & Zufall wie die Stochastik-Knoten im Bestand.
2ad35b16-c351-4f0d-9cb1-8a6f564e9015,bedingt-wkeit-06,,competency_content,stochastik,neu,hoch,Inhaltsfeld Stochastik (Sto-3 bis Sto-5).
2ad35b16-c351-4f0d-9cb1-8a6f564e9015,bedingt-wkeit-06,,competency_process,"Problemlösen, Operieren",neu,mittel,"Lösungsweg selbst finden, dann rechnen."
2ad35b16-c351-4f0d-9cb1-8a6f564e9015,bedingt-wkeit-06,,needs_image,false,neu,hoch,"Alle Angaben stehen im Text, keine Abbildung nötig."
2ad35b16-c351-4f0d-9cb1-8a6f564e9015,bedingt-wkeit-06,,correct_answers,"[""0,44"",""+0,44"",""0.44"",""+0.44""]",neu,hoch,"Exakt nachgerechnet; alle gleichwertigen Schreibweisen."
2ad35b16-c351-4f0d-9cb1-8a6f564e9015,bedingt-wkeit-06,,solution,"Jungen mit Haustier = 70 % von 100 = 70.
Bedingung: Haustier. Es zählen nur die 160 Personen mit Haustier.
P(Junge | Haustier) = 70 : 160 = 0,4375 ≈ 0,44.",neu,hoch,Nachgerechnet.
2ad35b16-c351-4f0d-9cb1-8a6f564e9015,bedingt-wkeit-06,,typical_errors,"[{""error"":""Die gegebene Wahrscheinlichkeit P(Haustier | Junge) = 0,70 übernommen."",""socratic_question"":""Steht diesmal fest, dass es ein Junge ist, oder dass die Person ein Haustier hat?""},{""error"":""Durch alle 250 Befragten geteilt statt durch die 160 mit Haustier."",""socratic_question"":""Aus welcher Gruppe wird die Person ausgewählt?""},{""error"":""Die Anzahl der Jungen mit Haustier (70) angegeben statt einer Wahrscheinlichkeit."",""socratic_question"":""Ist nach einer Anzahl oder nach einer Wahrscheinlichkeit gefragt?""}]",neu,hoch,"Aus acceptance.known_errors (bedingung_vertauscht, gesamtheit_statt_bedingung, falsche_groesse_beantwortet)."
2ad35b16-c351-4f0d-9cb1-8a6f564e9015,bedingt-wkeit-06,,hints,,bewusst leer,,"Auftrag W4-k9-rest: ohne Hilfe lösbar (LSA), keine Hinweise."
2ad35b16-c351-4f0d-9cb1-8a6f564e9015,bedingt-wkeit-06,,acceptance.known_errors (keine UI),"{""70"":""falsche_groesse_beantwortet"",""0,70"":""bedingung_vertauscht"",""+0,70"":""bedingung_vertauscht"",""0.70"":""bedingung_vertauscht"",""+0.70"":""bedingung_vertauscht"",""0,7"":""bedingung_vertauscht"",""+0,7"":""bedingung_vertauscht"",""0.7"":""bedingung_vertauscht"",""+0.7"":""bedingung_vertauscht"",""0,28"":""gesamtheit_statt_bedingung"",""+0,28"":""gesamtheit_statt_bedingung"",""0.28"":""gesamtheit_statt_bedingung"",""+0.28"":""gesamtheit_statt_bedingung"",""70,00"":""falsche_groesse_beantwortet"",""+70,00"":""falsche_groesse_beantwortet"",""70.00"":""falsche_groesse_beantwortet"",""+70.00"":""falsche_groesse_beantwortet"",""+70"":""falsche_groesse_beantwortet""}",neu,hoch,Falscher Wert → Fehlbild-Slug
2ad35b16-c351-4f0d-9cb1-8a6f564e9015,bedingt-wkeit-06,,sondierrang (keine UI),1,neu,mittel,"bedingt-wkeit-06 = 1, bedingt-wkeit-03 = 2. Rang 1 aus Profil {bedingung_vertauscht,falsche_groesse_beantwortet,gesamtheit_statt_bedingung}, Rang 2 aus Profil {bedingung_vertauscht,bezug_vertauscht,gesamtheit_statt_bedingung} (1 neue Fehlbilder)"
91229203-0300-42ac-a9a5-e5bb1dd2e768,bedingt-unabhaengig-01,,afb,I,neu,mittel,Reproduzieren: erwartete Anzahl = Zeilensumme · Spaltensumme : Gesamtzahl.
91229203-0300-42ac-a9a5-e5bb1dd2e768,bedingt-unabhaengig-01,,est_duration_sec,45,neu,mittel,"Zeitregel: AFB I, kein Sachkontext."
91229203-0300-42ac-a9a5-e5bb1dd2e768,bedingt-unabhaengig-01,,curriculum_grade,9,neu,hoch,"Stoffanker Klasse 9: KLP G9 NRW, Zweite Stufe, Sto-3/Sto-4/Sto-5 (Vierfeldertafel, bedingte Wahrscheinlichkeit, Darstellungen beurteilen)."
91229203-0300-42ac-a9a5-e5bb1dd2e768,bedingt-unabhaengig-01,,cluster_id,9fdfed01-ebda-4c79-89ea-5accacefee93,neu,hoch,Daten & Zufall wie die Stochastik-Knoten im Bestand.
91229203-0300-42ac-a9a5-e5bb1dd2e768,bedingt-unabhaengig-01,,competency_content,stochastik,neu,hoch,Inhaltsfeld Stochastik (Sto-3 bis Sto-5).
91229203-0300-42ac-a9a5-e5bb1dd2e768,bedingt-unabhaengig-01,,competency_process,Operieren,neu,mittel,Rechnen nach festem Verfahren.
91229203-0300-42ac-a9a5-e5bb1dd2e768,bedingt-unabhaengig-01,,needs_image,false,neu,hoch,"Alle Angaben stehen im Text, keine Abbildung nötig."
91229203-0300-42ac-a9a5-e5bb1dd2e768,bedingt-unabhaengig-01,,correct_answers,"[""54"",""+54""]",neu,hoch,"Exakt nachgerechnet; alle gleichwertigen Schreibweisen."
91229203-0300-42ac-a9a5-e5bb1dd2e768,bedingt-unabhaengig-01,,solution,"Bei Unabhängigkeit haben die Mädchen denselben Anteil an Haustieren wie alle: 90 : 200 = 0,45.
Erwartete Anzahl = 120 · 0,45 = 120 · 90 : 200 = 54.",neu,hoch,Nachgerechnet.
91229203-0300-42ac-a9a5-e5bb1dd2e768,bedingt-unabhaengig-01,,typical_errors,"[{""error"":""Die Wahrscheinlichkeit 0,6 · 0,45 = 0,27 angegeben statt der Anzahl."",""socratic_question"":""Ist nach einer Wahrscheinlichkeit oder nach einer Anzahl von Mädchen gefragt?""},{""error"":""Die Anteile addiert statt multipliziert: (0,6 + 0,45) · 200."",""socratic_question"":""Können mehr Mädchen ein Haustier haben, als es Mädchen gibt?""}]",neu,hoch,"Aus acceptance.known_errors (falsche_groesse_beantwortet, falsche_operation)."
91229203-0300-42ac-a9a5-e5bb1dd2e768,bedingt-unabhaengig-01,,hints,,bewusst leer,,"Auftrag W4-k9-rest: ohne Hilfe lösbar (LSA), keine Hinweise."
91229203-0300-42ac-a9a5-e5bb1dd2e768,bedingt-unabhaengig-01,,acceptance.known_errors (keine UI),"{""210"":""falsche_operation"",""0,27"":""falsche_groesse_beantwortet"",""+0,27"":""falsche_groesse_beantwortet"",""0.27"":""falsche_groesse_beantwortet"",""+0.27"":""falsche_groesse_beantwortet"",""+210"":""falsche_operation""}",neu,hoch,Falscher Wert → Fehlbild-Slug
91229203-0300-42ac-a9a5-e5bb1dd2e768,bedingt-unabhaengig-01,,sondierrang (keine UI),2,neu,mittel,"bedingt-unabhaengig-06 = 1, bedingt-unabhaengig-01 = 2. Rang 1 aus Profil {absolut_statt_relativ,gesamtheit_statt_bedingung,grundwert_verwechselt}, Rang 2 aus Profil {falsche_groesse_beantwortet,falsche_operation} (2 neue Fehlbilder)"
b67dead9-84f6-44fe-9ab9-86ae6134f716,bedingt-unabhaengig-02,,afb,I,neu,mittel,Reproduzieren: zwei Anteile in Prozent berechnen und ihren Abstand angeben.
b67dead9-84f6-44fe-9ab9-86ae6134f716,bedingt-unabhaengig-02,,est_duration_sec,45,neu,mittel,"Zeitregel: AFB I, kein Sachkontext."
b67dead9-84f6-44fe-9ab9-86ae6134f716,bedingt-unabhaengig-02,,curriculum_grade,9,neu,hoch,"Stoffanker Klasse 9: KLP G9 NRW, Zweite Stufe, Sto-3/Sto-4/Sto-5 (Vierfeldertafel, bedingte Wahrscheinlichkeit, Darstellungen beurteilen)."
b67dead9-84f6-44fe-9ab9-86ae6134f716,bedingt-unabhaengig-02,,cluster_id,9fdfed01-ebda-4c79-89ea-5accacefee93,neu,hoch,Daten & Zufall wie die Stochastik-Knoten im Bestand.
b67dead9-84f6-44fe-9ab9-86ae6134f716,bedingt-unabhaengig-02,,competency_content,stochastik,neu,hoch,Inhaltsfeld Stochastik (Sto-3 bis Sto-5).
b67dead9-84f6-44fe-9ab9-86ae6134f716,bedingt-unabhaengig-02,,competency_process,Operieren,neu,mittel,Rechnen nach festem Verfahren.
b67dead9-84f6-44fe-9ab9-86ae6134f716,bedingt-unabhaengig-02,,needs_image,false,neu,hoch,"Alle Angaben stehen im Text, keine Abbildung nötig."
b67dead9-84f6-44fe-9ab9-86ae6134f716,bedingt-unabhaengig-02,,correct_answers,"[""7,5"",""+7,5"",""7.5"",""+7.5""]",neu,hoch,"Exakt nachgerechnet; alle gleichwertigen Schreibweisen."
b67dead9-84f6-44fe-9ab9-86ae6134f716,bedingt-unabhaengig-02,,solution,"Unter den Mädchen: 63 : 120 = 0,525 = 52,5 %.
Unter allen: 90 : 200 = 0,45 = 45 %.
Unterschied: 52,5 − 45 = 7,5 Prozentpunkte. Die Anteile sind verschieden, also sind Geschlecht und Haustierbesitz nicht unabhängig.",neu,hoch,Nachgerechnet.
b67dead9-84f6-44fe-9ab9-86ae6134f716,bedingt-unabhaengig-02,,typical_errors,"[{""error"":""Die Mädchen mit Haustier durch alle 200 geteilt (31,5 %) und mit 45 % verglichen."",""socratic_question"":""Auf welche Gruppe bezieht sich „Anteil unter den Mädchen“?""},{""error"":""Den Anteil der Mädchen unter den Haustierbesitzern (70 %) mit dem Mädchenanteil (60 %) verglichen."",""socratic_question"":""Welche beiden Anteile nennt die Frage genau?""}]",neu,hoch,"Aus acceptance.known_errors (gesamtheit_statt_bedingung, bedingung_vertauscht)."
b67dead9-84f6-44fe-9ab9-86ae6134f716,bedingt-unabhaengig-02,,hints,,bewusst leer,,"Auftrag W4-k9-rest: ohne Hilfe lösbar (LSA), keine Hinweise."
b67dead9-84f6-44fe-9ab9-86ae6134f716,bedingt-unabhaengig-02,,acceptance.known_errors (keine UI),"{""10"":""bedingung_vertauscht"",""13,5"":""gesamtheit_statt_bedingung"",""+13,5"":""gesamtheit_statt_bedingung"",""13.5"":""gesamtheit_statt_bedingung"",""+13.5"":""gesamtheit_statt_bedingung"",""10,0"":""bedingung_vertauscht"",""+10,0"":""bedingung_vertauscht"",""10.0"":""bedingung_vertauscht"",""+10.0"":""bedingung_vertauscht"",""+10"":""bedingung_vertauscht""}",neu,hoch,Falscher Wert → Fehlbild-Slug
91fc34f7-0f5c-4fcb-bc9a-35c8e49f8d1c,bedingt-unabhaengig-03,,afb,II,neu,mittel,Anwenden: Bedingung für Unabhängigkeit (gleiche Anteile) als Rechnung umsetzen.
91fc34f7-0f5c-4fcb-bc9a-35c8e49f8d1c,bedingt-unabhaengig-03,,est_duration_sec,60,neu,mittel,"Zeitregel: AFB II, kein Sachkontext."
91fc34f7-0f5c-4fcb-bc9a-35c8e49f8d1c,bedingt-unabhaengig-03,,curriculum_grade,9,neu,hoch,"Stoffanker Klasse 9: KLP G9 NRW, Zweite Stufe, Sto-3/Sto-4/Sto-5 (Vierfeldertafel, bedingte Wahrscheinlichkeit, Darstellungen beurteilen)."
91fc34f7-0f5c-4fcb-bc9a-35c8e49f8d1c,bedingt-unabhaengig-03,,cluster_id,9fdfed01-ebda-4c79-89ea-5accacefee93,neu,hoch,Daten & Zufall wie die Stochastik-Knoten im Bestand.
91fc34f7-0f5c-4fcb-bc9a-35c8e49f8d1c,bedingt-unabhaengig-03,,competency_content,stochastik,neu,hoch,Inhaltsfeld Stochastik (Sto-3 bis Sto-5).
91fc34f7-0f5c-4fcb-bc9a-35c8e49f8d1c,bedingt-unabhaengig-03,,competency_process,Operieren,neu,mittel,Rechnen nach festem Verfahren.
91fc34f7-0f5c-4fcb-bc9a-35c8e49f8d1c,bedingt-unabhaengig-03,,needs_image,false,neu,hoch,"Alle Angaben stehen im Text, keine Abbildung nötig."
91fc34f7-0f5c-4fcb-bc9a-35c8e49f8d1c,bedingt-unabhaengig-03,,correct_answers,"[""78"",""+78""]",neu,hoch,"Exakt nachgerechnet; alle gleichwertigen Schreibweisen."
91fc34f7-0f5c-4fcb-bc9a-35c8e49f8d1c,bedingt-unabhaengig-03,,solution,"Unabhängig heißt: Der Anteil blühender Pflanzen ist bei gedüngten und nicht gedüngten gleich.
Anteil bei nicht gedüngten: 117 : 180 = 0,65.
Gedüngte, die blühen müssten: 120 · 0,65 = 78.",neu,hoch,Nachgerechnet.
91fc34f7-0f5c-4fcb-bc9a-35c8e49f8d1c,bedingt-unabhaengig-03,,typical_errors,"[{""error"":""Dieselbe Anzahl wie bei den nicht gedüngten übernommen statt denselben Anteil."",""socratic_question"":""Sind gleich viele blühende Pflanzen dasselbe wie ein gleicher Anteil, wenn die Gruppen verschieden groß sind?""},{""error"":""Den Anteil 117 : 300 an allen Pflanzen genommen statt 117 : 180 an den nicht gedüngten."",""socratic_question"":""Aus welcher Gruppe stammen die 117 blühenden Pflanzen?""}]",neu,hoch,"Aus acceptance.known_errors (absolut_statt_relativ, gesamtheit_statt_bedingung)."
91fc34f7-0f5c-4fcb-bc9a-35c8e49f8d1c,bedingt-unabhaengig-03,,hints,,bewusst leer,,"Auftrag W4-k9-rest: ohne Hilfe lösbar (LSA), keine Hinweise."
91fc34f7-0f5c-4fcb-bc9a-35c8e49f8d1c,bedingt-unabhaengig-03,,acceptance.known_errors (keine UI),"{""117"":""absolut_statt_relativ"",""+117"":""absolut_statt_relativ"",""46,8"":""gesamtheit_statt_bedingung"",""+46,8"":""gesamtheit_statt_bedingung"",""46.8"":""gesamtheit_statt_bedingung"",""+46.8"":""gesamtheit_statt_bedingung""}",neu,hoch,Falscher Wert → Fehlbild-Slug
36c037ea-2bf9-4d79-8dd6-e45bd85f7ef5,bedingt-unabhaengig-04,,afb,II,neu,mittel,"Anwenden: zwei bedingte Anteile aus der Tafel bilden und vergleichen, Rundung erst am Ende."
36c037ea-2bf9-4d79-8dd6-e45bd85f7ef5,bedingt-unabhaengig-04,,est_duration_sec,60,neu,mittel,"Zeitregel: AFB II, kein Sachkontext."
36c037ea-2bf9-4d79-8dd6-e45bd85f7ef5,bedingt-unabhaengig-04,,curriculum_grade,9,neu,hoch,"Stoffanker Klasse 9: KLP G9 NRW, Zweite Stufe, Sto-3/Sto-4/Sto-5 (Vierfeldertafel, bedingte Wahrscheinlichkeit, Darstellungen beurteilen)."
36c037ea-2bf9-4d79-8dd6-e45bd85f7ef5,bedingt-unabhaengig-04,,cluster_id,9fdfed01-ebda-4c79-89ea-5accacefee93,neu,hoch,Daten & Zufall wie die Stochastik-Knoten im Bestand.
36c037ea-2bf9-4d79-8dd6-e45bd85f7ef5,bedingt-unabhaengig-04,,competency_content,stochastik,neu,hoch,Inhaltsfeld Stochastik (Sto-3 bis Sto-5).
36c037ea-2bf9-4d79-8dd6-e45bd85f7ef5,bedingt-unabhaengig-04,,competency_process,Operieren,neu,mittel,Rechnen nach festem Verfahren.
36c037ea-2bf9-4d79-8dd6-e45bd85f7ef5,bedingt-unabhaengig-04,,needs_image,false,neu,hoch,"Alle Angaben stehen im Text, keine Abbildung nötig."
36c037ea-2bf9-4d79-8dd6-e45bd85f7ef5,bedingt-unabhaengig-04,,correct_answers,"[""14,7"",""+14,7"",""14.7"",""+14.7""]",neu,hoch,"Exakt nachgerechnet; alle gleichwertigen Schreibweisen."
36c037ea-2bf9-4d79-8dd6-e45bd85f7ef5,bedingt-unabhaengig-04,,solution,"Freiland: 24 : 90 ≈ 26,67 %.
Gewächshaus: 18 : 150 = 12 %.
Unterschied: 26,67 − 12 ≈ 14,7 Prozentpunkte. Der Befall hängt also vom Standort ab.",neu,hoch,Nachgerechnet.
36c037ea-2bf9-4d79-8dd6-e45bd85f7ef5,bedingt-unabhaengig-04,,typical_errors,"[{""error"":""Die Anzahlen verglichen statt der Anteile: 24 − 18."",""socratic_question"":""Sind die Gruppen im Gewächshaus und im Freiland gleich groß?""},{""error"":""Beide Anzahlen durch alle 240 Pflanzen geteilt statt durch die Pflanzen des jeweiligen Standorts."",""socratic_question"":""Auf welche Pflanzen bezieht sich „Anteil im Freiland“?""},{""error"":""Den Freiland-Anteil vorher auf 27 % gerundet: 27 − 12."",""socratic_question"":""Wann solltest du runden – zwischendurch oder erst am Ende?""}]",neu,hoch,"Aus acceptance.known_errors (absolut_statt_relativ, gesamtheit_statt_bedingung, zu_frueh_gerundet)."
36c037ea-2bf9-4d79-8dd6-e45bd85f7ef5,bedingt-unabhaengig-04,,hints,,bewusst leer,,"Auftrag W4-k9-rest: ohne Hilfe lösbar (LSA), keine Hinweise."
36c037ea-2bf9-4d79-8dd6-e45bd85f7ef5,bedingt-unabhaengig-04,,acceptance.known_errors (keine UI),"{""6"":""absolut_statt_relativ"",""15"":""zu_frueh_gerundet"",""6,0"":""absolut_statt_relativ"",""+6,0"":""absolut_statt_relativ"",""6.0"":""absolut_statt_relativ"",""+6.0"":""absolut_statt_relativ"",""+6"":""absolut_statt_relativ"",""2,5"":""gesamtheit_statt_bedingung"",""+2,5"":""gesamtheit_statt_bedingung"",""2.5"":""gesamtheit_statt_bedingung"",""+2.5"":""gesamtheit_statt_bedingung"",""15,0"":""zu_frueh_gerundet"",""+15,0"":""zu_frueh_gerundet"",""15.0"":""zu_frueh_gerundet"",""+15.0"":""zu_frueh_gerundet"",""+15"":""zu_frueh_gerundet""}",neu,hoch,Falscher Wert → Fehlbild-Slug
239036c3-5e39-4ac1-83aa-bc320583b0ce,bedingt-unabhaengig-05,,afb,II,neu,mittel,Anwenden im Sachkontext: erwartete Anzahl aus zwei Prozentangaben bilden und mit dem beobachteten Wert vergleichen.
239036c3-5e39-4ac1-83aa-bc320583b0ce,bedingt-unabhaengig-05,,est_duration_sec,90,neu,mittel,Zeitregel: AFB II + Sachkontext.
239036c3-5e39-4ac1-83aa-bc320583b0ce,bedingt-unabhaengig-05,,curriculum_grade,9,neu,hoch,"Stoffanker Klasse 9: KLP G9 NRW, Zweite Stufe, Sto-3/Sto-4/Sto-5 (Vierfeldertafel, bedingte Wahrscheinlichkeit, Darstellungen beurteilen)."
239036c3-5e39-4ac1-83aa-bc320583b0ce,bedingt-unabhaengig-05,,cluster_id,9fdfed01-ebda-4c79-89ea-5accacefee93,neu,hoch,Daten & Zufall wie die Stochastik-Knoten im Bestand.
239036c3-5e39-4ac1-83aa-bc320583b0ce,bedingt-unabhaengig-05,,competency_content,stochastik,neu,hoch,Inhaltsfeld Stochastik (Sto-3 bis Sto-5).
239036c3-5e39-4ac1-83aa-bc320583b0ce,bedingt-unabhaengig-05,,competency_process,"Modellieren, Operieren",neu,mittel,"Sachsituation in eine Rechnung übersetzen, dann rechnen."
239036c3-5e39-4ac1-83aa-bc320583b0ce,bedingt-unabhaengig-05,,needs_image,false,neu,hoch,"Alle Angaben stehen im Text, keine Abbildung nötig."
239036c3-5e39-4ac1-83aa-bc320583b0ce,bedingt-unabhaengig-05,1,parts.1.afb,II,neu,mittel,Wie die Aufgabe.
239036c3-5e39-4ac1-83aa-bc320583b0ce,bedingt-unabhaengig-05,1,parts.1.competency_content,stochastik,neu,hoch,Wie die Aufgabe.
239036c3-5e39-4ac1-83aa-bc320583b0ce,bedingt-unabhaengig-05,1,correct_answers.1,"[""77"",""+77""]",neu,hoch,"Exakt nachgerechnet; alle gleichwertigen Schreibweisen."
239036c3-5e39-4ac1-83aa-bc320583b0ce,bedingt-unabhaengig-05,2,parts.2.afb,II,neu,mittel,Wie die Aufgabe.
239036c3-5e39-4ac1-83aa-bc320583b0ce,bedingt-unabhaengig-05,2,parts.2.competency_content,stochastik,neu,hoch,Wie die Aufgabe.
239036c3-5e39-4ac1-83aa-bc320583b0ce,bedingt-unabhaengig-05,2,correct_answers.2,"[""18"",""+18""]",neu,hoch,"Exakt nachgerechnet; alle gleichwertigen Schreibweisen."
239036c3-5e39-4ac1-83aa-bc320583b0ce,bedingt-unabhaengig-05,,solution,"Bei Unabhängigkeit essen in der Unterstufe ebenfalls 35 %: Unterstufe = 55 % von 400 = 220, davon 35 %: 220 · 0,35 = 77.
Unterschied: 95 − 77 = 18. Die Zahl liegt deutlich über der Erwartung, Mensabesuch und Stufe sind nicht unabhängig.",neu,hoch,Nachgerechnet.
239036c3-5e39-4ac1-83aa-bc320583b0ce,bedingt-unabhaengig-05,,typical_errors,"[{""error"":""Die Wahrscheinlichkeit 0,35 · 0,55 angegeben statt der Anzahl."",""socratic_question"":""Ist nach einer Wahrscheinlichkeit oder nach einer Anzahl gefragt?""},{""error"":""Die Prozentsätze addiert statt multipliziert: 90 % von 400."",""socratic_question"":""Können mehr Unterstufenschüler in die Mensa gehen, als es Mensagänger gibt?""},{""error"":""Addiert statt subtrahiert: 95 + 77."",""socratic_question"":""Wie bestimmt man, um wie viel eine Zahl größer ist als eine andere?""}]",neu,hoch,"Aus acceptance.known_errors (falsche_groesse_beantwortet, falsche_operation)."
239036c3-5e39-4ac1-83aa-bc320583b0ce,bedingt-unabhaengig-05,,hints,,bewusst leer,,"Auftrag W4-k9-rest: ohne Hilfe lösbar (LSA), keine Hinweise."
239036c3-5e39-4ac1-83aa-bc320583b0ce,bedingt-unabhaengig-05,1,"zeit_teile (nur CSV, keine DB-Spalte)",45,neu,mittel,"Teilbudget; Summe = est_duration_sec"
239036c3-5e39-4ac1-83aa-bc320583b0ce,bedingt-unabhaengig-05,2,"zeit_teile (nur CSV, keine DB-Spalte)",45,neu,mittel,"Teilbudget; Summe = est_duration_sec"
239036c3-5e39-4ac1-83aa-bc320583b0ce,bedingt-unabhaengig-05,1,acceptance.known_errors (keine UI),"{""360"":""falsche_operation"",""0,1925"":""falsche_groesse_beantwortet"",""+0,1925"":""falsche_groesse_beantwortet"",""0.1925"":""falsche_groesse_beantwortet"",""+0.1925"":""falsche_groesse_beantwortet"",""+360"":""falsche_operation""}",neu,hoch,Falscher Wert → Fehlbild-Slug
239036c3-5e39-4ac1-83aa-bc320583b0ce,bedingt-unabhaengig-05,2,acceptance.known_errors (keine UI),"{""172"":""falsche_operation"",""+172"":""falsche_operation""}",neu,hoch,Falscher Wert → Fehlbild-Slug
5d5efaf9-a722-422c-bb98-6eb56b710fb6,bedingt-unabhaengig-06,,afb,III,neu,mittel,Problemlösen im Sachkontext: Bedingung für Unabhängigkeit selbst ansetzen und die beobachteten Anteile vergleichen.
5d5efaf9-a722-422c-bb98-6eb56b710fb6,bedingt-unabhaengig-06,,est_duration_sec,120,neu,mittel,Zeitregel: AFB III + Sachkontext.
5d5efaf9-a722-422c-bb98-6eb56b710fb6,bedingt-unabhaengig-06,,curriculum_grade,9,neu,hoch,"Stoffanker Klasse 9: KLP G9 NRW, Zweite Stufe, Sto-3/Sto-4/Sto-5 (Vierfeldertafel, bedingte Wahrscheinlichkeit, Darstellungen beurteilen)."
5d5efaf9-a722-422c-bb98-6eb56b710fb6,bedingt-unabhaengig-06,,cluster_id,9fdfed01-ebda-4c79-89ea-5accacefee93,neu,hoch,Daten & Zufall wie die Stochastik-Knoten im Bestand.
5d5efaf9-a722-422c-bb98-6eb56b710fb6,bedingt-unabhaengig-06,,competency_content,stochastik,neu,hoch,Inhaltsfeld Stochastik (Sto-3 bis Sto-5).
5d5efaf9-a722-422c-bb98-6eb56b710fb6,bedingt-unabhaengig-06,,competency_process,"Problemlösen, Operieren",neu,mittel,"Lösungsweg selbst finden, dann rechnen."
5d5efaf9-a722-422c-bb98-6eb56b710fb6,bedingt-unabhaengig-06,,needs_image,false,neu,hoch,"Alle Angaben stehen im Text, keine Abbildung nötig."
5d5efaf9-a722-422c-bb98-6eb56b710fb6,bedingt-unabhaengig-06,1,parts.1.afb,III,neu,mittel,Wie die Aufgabe.
5d5efaf9-a722-422c-bb98-6eb56b710fb6,bedingt-unabhaengig-06,1,parts.1.competency_content,stochastik,neu,hoch,Wie die Aufgabe.
5d5efaf9-a722-422c-bb98-6eb56b710fb6,bedingt-unabhaengig-06,1,correct_answers.1,"[""90"",""+90""]",neu,hoch,"Exakt nachgerechnet; alle gleichwertigen Schreibweisen."
5d5efaf9-a722-422c-bb98-6eb56b710fb6,bedingt-unabhaengig-06,2,parts.2.afb,III,neu,mittel,Wie die Aufgabe.
5d5efaf9-a722-422c-bb98-6eb56b710fb6,bedingt-unabhaengig-06,2,parts.2.competency_content,stochastik,neu,hoch,Wie die Aufgabe.
5d5efaf9-a722-422c-bb98-6eb56b710fb6,bedingt-unabhaengig-06,2,correct_answers.2,"[""12"",""+12""]",neu,hoch,"Exakt nachgerechnet; alle gleichwertigen Schreibweisen."
5d5efaf9-a722-422c-bb98-6eb56b710fb6,bedingt-unabhaengig-06,,solution,"Unabhängig heißt: Auch ohne Garten besitzen 30 % ein Lastenrad. Ohne Garten: 500 − 200 = 300 Haushalte, davon 30 %: 90.
Mit Garten und Lastenrad: 30 % von 200 = 60. Ohne Garten mit Lastenrad: 114 − 60 = 54, das sind 54 : 300 = 18 %.
Unterschied: 30 − 18 = 12 Prozentpunkte.",neu,hoch,Nachgerechnet.
5d5efaf9-a722-422c-bb98-6eb56b710fb6,bedingt-unabhaengig-06,,typical_errors,"[{""error"":""Dieselbe Anzahl wie bei den Haushalten mit Garten (60) übernommen statt denselben Anteil."",""socratic_question"":""Sind die Gruppen mit und ohne Garten gleich groß?""},{""error"":""30 % von allen 500 Haushalten genommen statt von den 300 ohne Garten."",""socratic_question"":""Von welcher Gruppe sollen 30 % ein Lastenrad haben?""},{""error"":""Die Anzahlen 60 und 54 verglichen statt der Anteile."",""socratic_question"":""Wird nach einem Unterschied von Anzahlen oder von Anteilen gefragt?""},{""error"":""Beide Anzahlen durch alle 500 Haushalte geteilt statt durch die Größe der jeweiligen Gruppe."",""socratic_question"":""Auf welche Haushalte bezieht sich „Anteil bei den Haushalten ohne Garten“?""}]",neu,hoch,"Aus acceptance.known_errors (absolut_statt_relativ, grundwert_verwechselt, gesamtheit_statt_bedingung)."
5d5efaf9-a722-422c-bb98-6eb56b710fb6,bedingt-unabhaengig-06,,hints,,bewusst leer,,"Auftrag W4-k9-rest: ohne Hilfe lösbar (LSA), keine Hinweise."
5d5efaf9-a722-422c-bb98-6eb56b710fb6,bedingt-unabhaengig-06,1,"zeit_teile (nur CSV, keine DB-Spalte)",60,neu,mittel,"Teilbudget; Summe = est_duration_sec"
5d5efaf9-a722-422c-bb98-6eb56b710fb6,bedingt-unabhaengig-06,2,"zeit_teile (nur CSV, keine DB-Spalte)",60,neu,mittel,"Teilbudget; Summe = est_duration_sec"
5d5efaf9-a722-422c-bb98-6eb56b710fb6,bedingt-unabhaengig-06,1,acceptance.known_errors (keine UI),"{""60"":""absolut_statt_relativ"",""150"":""grundwert_verwechselt"",""+60"":""absolut_statt_relativ"",""+150"":""grundwert_verwechselt""}",neu,hoch,Falscher Wert → Fehlbild-Slug
5d5efaf9-a722-422c-bb98-6eb56b710fb6,bedingt-unabhaengig-06,2,acceptance.known_errors (keine UI),"{""6"":""absolut_statt_relativ"",""+6"":""absolut_statt_relativ"",""1,2"":""gesamtheit_statt_bedingung"",""+1,2"":""gesamtheit_statt_bedingung"",""1.2"":""gesamtheit_statt_bedingung"",""+1.2"":""gesamtheit_statt_bedingung""}",neu,hoch,Falscher Wert → Fehlbild-Slug
5d5efaf9-a722-422c-bb98-6eb56b710fb6,bedingt-unabhaengig-06,,sondierrang (keine UI),1,neu,mittel,"bedingt-unabhaengig-06 = 1, bedingt-unabhaengig-01 = 2. Rang 1 aus Profil {absolut_statt_relativ,gesamtheit_statt_bedingung,grundwert_verwechselt}, Rang 2 aus Profil {falsche_groesse_beantwortet,falsche_operation} (2 neue Fehlbilder)"
3635d7e9-fca6-4c09-87c1-2711f3d7e6e0,bedingt-umkehr-01,,afb,I,neu,mittel,Reproduzieren: zwei Prozentwerte nacheinander als natürliche Häufigkeiten.
3635d7e9-fca6-4c09-87c1-2711f3d7e6e0,bedingt-umkehr-01,,est_duration_sec,45,neu,mittel,"Zeitregel: AFB I, kein Sachkontext."
3635d7e9-fca6-4c09-87c1-2711f3d7e6e0,bedingt-umkehr-01,,curriculum_grade,9,neu,hoch,"Stoffanker Klasse 9: KLP G9 NRW, Zweite Stufe, Sto-3/Sto-4/Sto-5 (Vierfeldertafel, bedingte Wahrscheinlichkeit, Darstellungen beurteilen)."
3635d7e9-fca6-4c09-87c1-2711f3d7e6e0,bedingt-umkehr-01,,cluster_id,9fdfed01-ebda-4c79-89ea-5accacefee93,neu,hoch,Daten & Zufall wie die Stochastik-Knoten im Bestand.
3635d7e9-fca6-4c09-87c1-2711f3d7e6e0,bedingt-umkehr-01,,competency_content,stochastik,neu,hoch,Inhaltsfeld Stochastik (Sto-3 bis Sto-5).
3635d7e9-fca6-4c09-87c1-2711f3d7e6e0,bedingt-umkehr-01,,competency_process,Operieren,neu,mittel,Rechnen nach festem Verfahren.
3635d7e9-fca6-4c09-87c1-2711f3d7e6e0,bedingt-umkehr-01,,needs_image,false,neu,hoch,"Alle Angaben stehen im Text, keine Abbildung nötig."
3635d7e9-fca6-4c09-87c1-2711f3d7e6e0,bedingt-umkehr-01,1,parts.1.afb,I,neu,mittel,Wie die Aufgabe.
3635d7e9-fca6-4c09-87c1-2711f3d7e6e0,bedingt-umkehr-01,1,parts.1.competency_content,stochastik,neu,hoch,Wie die Aufgabe.
3635d7e9-fca6-4c09-87c1-2711f3d7e6e0,bedingt-umkehr-01,1,correct_answers.1,"[""20"",""+20""]",neu,hoch,"Exakt nachgerechnet; alle gleichwertigen Schreibweisen."
3635d7e9-fca6-4c09-87c1-2711f3d7e6e0,bedingt-umkehr-01,2,parts.2.afb,I,neu,mittel,Wie die Aufgabe.
3635d7e9-fca6-4c09-87c1-2711f3d7e6e0,bedingt-umkehr-01,2,parts.2.competency_content,stochastik,neu,hoch,Wie die Aufgabe.
3635d7e9-fca6-4c09-87c1-2711f3d7e6e0,bedingt-umkehr-01,2,correct_answers.2,"[""18"",""+18""]",neu,hoch,"Exakt nachgerechnet; alle gleichwertigen Schreibweisen."
3635d7e9-fca6-4c09-87c1-2711f3d7e6e0,bedingt-umkehr-01,,solution,"Befallen: 2 % von 1000 = 20.
Davon erkannt: 90 % von 20 = 18.",neu,hoch,Nachgerechnet.
3635d7e9-fca6-4c09-87c1-2711f3d7e6e0,bedingt-umkehr-01,,typical_errors,"[{""error"":""2 % als 0,2 gerechnet statt als 0,02."",""socratic_question"":""Wie schreibt man 2 % als Dezimalzahl?""},{""error"":""90 % von allen 1000 Proben genommen statt von den 20 befallenen."",""socratic_question"":""Worauf beziehen sich die 90 % – auf alle Proben oder nur auf die befallenen?""}]",neu,hoch,"Aus acceptance.known_errors (dezimalverschiebung, grundwert_verwechselt)."
3635d7e9-fca6-4c09-87c1-2711f3d7e6e0,bedingt-umkehr-01,,hints,,bewusst leer,,"Auftrag W4-k9-rest: ohne Hilfe lösbar (LSA), keine Hinweise."
3635d7e9-fca6-4c09-87c1-2711f3d7e6e0,bedingt-umkehr-01,1,"zeit_teile (nur CSV, keine DB-Spalte)",23,neu,mittel,"Teilbudget; Summe = est_duration_sec"
3635d7e9-fca6-4c09-87c1-2711f3d7e6e0,bedingt-umkehr-01,2,"zeit_teile (nur CSV, keine DB-Spalte)",22,neu,mittel,"Teilbudget; Summe = est_duration_sec"
3635d7e9-fca6-4c09-87c1-2711f3d7e6e0,bedingt-umkehr-01,1,acceptance.known_errors (keine UI),"{""200"":""dezimalverschiebung"",""+200"":""dezimalverschiebung""}",neu,hoch,Falscher Wert → Fehlbild-Slug
3635d7e9-fca6-4c09-87c1-2711f3d7e6e0,bedingt-umkehr-01,2,acceptance.known_errors (keine UI),"{""900"":""grundwert_verwechselt"",""+900"":""grundwert_verwechselt""}",neu,hoch,Falscher Wert → Fehlbild-Slug
5da9ef15-5323-4556-9565-6ec5378a8b29,bedingt-umkehr-02,,afb,I,neu,mittel,Reproduzieren: Gegenwahrscheinlichkeit als Anzahl und Fehlalarmquote auf die richtige Gruppe anwenden.
5da9ef15-5323-4556-9565-6ec5378a8b29,bedingt-umkehr-02,,est_duration_sec,45,neu,mittel,"Zeitregel: AFB I, kein Sachkontext."
5da9ef15-5323-4556-9565-6ec5378a8b29,bedingt-umkehr-02,,curriculum_grade,9,neu,hoch,"Stoffanker Klasse 9: KLP G9 NRW, Zweite Stufe, Sto-3/Sto-4/Sto-5 (Vierfeldertafel, bedingte Wahrscheinlichkeit, Darstellungen beurteilen)."
5da9ef15-5323-4556-9565-6ec5378a8b29,bedingt-umkehr-02,,cluster_id,9fdfed01-ebda-4c79-89ea-5accacefee93,neu,hoch,Daten & Zufall wie die Stochastik-Knoten im Bestand.
5da9ef15-5323-4556-9565-6ec5378a8b29,bedingt-umkehr-02,,competency_content,stochastik,neu,hoch,Inhaltsfeld Stochastik (Sto-3 bis Sto-5).
5da9ef15-5323-4556-9565-6ec5378a8b29,bedingt-umkehr-02,,competency_process,Operieren,neu,mittel,Rechnen nach festem Verfahren.
5da9ef15-5323-4556-9565-6ec5378a8b29,bedingt-umkehr-02,,needs_image,false,neu,hoch,"Alle Angaben stehen im Text, keine Abbildung nötig."
5da9ef15-5323-4556-9565-6ec5378a8b29,bedingt-umkehr-02,1,parts.1.afb,I,neu,mittel,Wie die Aufgabe.
5da9ef15-5323-4556-9565-6ec5378a8b29,bedingt-umkehr-02,1,parts.1.competency_content,stochastik,neu,hoch,Wie die Aufgabe.
5da9ef15-5323-4556-9565-6ec5378a8b29,bedingt-umkehr-02,1,correct_answers.1,"[""4800"",""+4800""]",neu,hoch,"Exakt nachgerechnet; alle gleichwertigen Schreibweisen."
5da9ef15-5323-4556-9565-6ec5378a8b29,bedingt-umkehr-02,2,parts.2.afb,I,neu,mittel,Wie die Aufgabe.
5da9ef15-5323-4556-9565-6ec5378a8b29,bedingt-umkehr-02,2,parts.2.competency_content,stochastik,neu,hoch,Wie die Aufgabe.
5da9ef15-5323-4556-9565-6ec5378a8b29,bedingt-umkehr-02,2,correct_answers.2,"[""144"",""+144""]",neu,hoch,"Exakt nachgerechnet; alle gleichwertigen Schreibweisen."
5da9ef15-5323-4556-9565-6ec5378a8b29,bedingt-umkehr-02,,solution,"Defekt: 4 % von 5000 = 200, also intakt: 5000 − 200 = 4800.
Fehlalarme: 3 % von 4800 = 144.",neu,hoch,Nachgerechnet.
5da9ef15-5323-4556-9565-6ec5378a8b29,bedingt-umkehr-02,,typical_errors,"[{""error"":""Die defekten Bauteile angegeben statt der intakten."",""socratic_question"":""Sind die 4 % die intakten oder die defekten Teile?""},{""error"":""4 % als 0,4 gerechnet: 5000 − 2000."",""socratic_question"":""Wie schreibt man 4 % als Dezimalzahl?""},{""error"":""3 % von allen 5000 Bauteilen genommen statt von den 4800 intakten."",""socratic_question"":""Worauf beziehen sich die 3 % – auf alle Teile oder nur auf die intakten?""},{""error"":""3 % als 0,3 gerechnet: 4800 · 0,3."",""socratic_question"":""Wie schreibt man 3 % als Dezimalzahl?""}]",neu,hoch,"Aus acceptance.known_errors (falsche_groesse_beantwortet, dezimalverschiebung, grundwert_verwechselt)."
5da9ef15-5323-4556-9565-6ec5378a8b29,bedingt-umkehr-02,,hints,,bewusst leer,,"Auftrag W4-k9-rest: ohne Hilfe lösbar (LSA), keine Hinweise."
5da9ef15-5323-4556-9565-6ec5378a8b29,bedingt-umkehr-02,1,"zeit_teile (nur CSV, keine DB-Spalte)",23,neu,mittel,"Teilbudget; Summe = est_duration_sec"
5da9ef15-5323-4556-9565-6ec5378a8b29,bedingt-umkehr-02,2,"zeit_teile (nur CSV, keine DB-Spalte)",22,neu,mittel,"Teilbudget; Summe = est_duration_sec"
5da9ef15-5323-4556-9565-6ec5378a8b29,bedingt-umkehr-02,1,acceptance.known_errors (keine UI),"{""200"":""falsche_groesse_beantwortet"",""3000"":""dezimalverschiebung"",""+200"":""falsche_groesse_beantwortet"",""+3000"":""dezimalverschiebung""}",neu,hoch,Falscher Wert → Fehlbild-Slug
5da9ef15-5323-4556-9565-6ec5378a8b29,bedingt-umkehr-02,2,acceptance.known_errors (keine UI),"{""150"":""grundwert_verwechselt"",""1440"":""dezimalverschiebung"",""+150"":""grundwert_verwechselt"",""+1440"":""dezimalverschiebung""}",neu,hoch,Falscher Wert → Fehlbild-Slug
5da9ef15-5323-4556-9565-6ec5378a8b29,bedingt-umkehr-02,,sondierrang (keine UI),2,neu,mittel,"bedingt-umkehr-05 = 1, bedingt-umkehr-02 = 2. Rang 1 aus Profil {bedingung_vertauscht,bezug_vertauscht,falsche_groesse_beantwortet,gesamtheit_statt_bedingung,grundwert_verwechselt}, Rang 2 aus Profil {dezimalverschiebung,falsche_groesse_beantwortet,grundwert_verwechselt} (1 neue Fehlbilder)"
6a8af2d6-7306-488b-bd73-405bd3865931,bedingt-umkehr-03,,afb,II,neu,mittel,"Anwenden: Tafel mit natürlichen Häufigkeiten aufbauen, positive Tests zählen und umkehren."
6a8af2d6-7306-488b-bd73-405bd3865931,bedingt-umkehr-03,,est_duration_sec,60,neu,mittel,"Zeitregel: AFB II, kein Sachkontext."
6a8af2d6-7306-488b-bd73-405bd3865931,bedingt-umkehr-03,,curriculum_grade,9,neu,hoch,"Stoffanker Klasse 9: KLP G9 NRW, Zweite Stufe, Sto-3/Sto-4/Sto-5 (Vierfeldertafel, bedingte Wahrscheinlichkeit, Darstellungen beurteilen)."
6a8af2d6-7306-488b-bd73-405bd3865931,bedingt-umkehr-03,,cluster_id,9fdfed01-ebda-4c79-89ea-5accacefee93,neu,hoch,Daten & Zufall wie die Stochastik-Knoten im Bestand.
6a8af2d6-7306-488b-bd73-405bd3865931,bedingt-umkehr-03,,competency_content,stochastik,neu,hoch,Inhaltsfeld Stochastik (Sto-3 bis Sto-5).
6a8af2d6-7306-488b-bd73-405bd3865931,bedingt-umkehr-03,,competency_process,Operieren,neu,mittel,Rechnen nach festem Verfahren.
6a8af2d6-7306-488b-bd73-405bd3865931,bedingt-umkehr-03,,needs_image,false,neu,hoch,"Alle Angaben stehen im Text, keine Abbildung nötig."
6a8af2d6-7306-488b-bd73-405bd3865931,bedingt-umkehr-03,1,parts.1.afb,II,neu,mittel,Wie die Aufgabe.
6a8af2d6-7306-488b-bd73-405bd3865931,bedingt-umkehr-03,1,parts.1.competency_content,stochastik,neu,hoch,Wie die Aufgabe.
6a8af2d6-7306-488b-bd73-405bd3865931,bedingt-umkehr-03,1,correct_answers.1,"[""67"",""+67""]",neu,hoch,"Exakt nachgerechnet; alle gleichwertigen Schreibweisen."
6a8af2d6-7306-488b-bd73-405bd3865931,bedingt-umkehr-03,2,parts.2.afb,II,neu,mittel,Wie die Aufgabe.
6a8af2d6-7306-488b-bd73-405bd3865931,bedingt-umkehr-03,2,parts.2.competency_content,stochastik,neu,hoch,Wie die Aufgabe.
6a8af2d6-7306-488b-bd73-405bd3865931,bedingt-umkehr-03,2,correct_answers.2,"[""26,9"",""+26,9"",""26.9"",""+26.9""]",neu,hoch,"Exakt nachgerechnet; alle gleichwertigen Schreibweisen."
6a8af2d6-7306-488b-bd73-405bd3865931,bedingt-umkehr-03,,solution,"Befallen: 20, davon positiv 90 %: 18.
Gesund: 980, davon fälschlich positiv 5 %: 49.
Positiv insgesamt: 18 + 49 = 67.
Anteil wirklich befallen: 18 : 67 ≈ 0,2687, also ≈ 26,9 %.",neu,hoch,Nachgerechnet.
6a8af2d6-7306-488b-bd73-405bd3865931,bedingt-umkehr-03,,typical_errors,"[{""error"":""Die 5 % Fehlalarme von allen 1000 Proben genommen statt von den 980 gesunden: 18 + 50."",""socratic_question"":""Bei welchen Proben kann der Test fälschlich anschlagen?""},{""error"":""Nur die befallenen Proben mit positivem Test gezählt, die Fehlalarme fehlen."",""socratic_question"":""Schlägt der Test auch bei gesunden Proben an?""},{""error"":""Die Erkennungsrate 90 % übernommen: Das ist der Anteil positiver Tests unter den befallenen Proben."",""socratic_question"":""Wird nach den befallenen Proben gefragt, die positiv sind, oder nach den positiven, die befallen sind?""},{""error"":""Durch alle 1000 Proben geteilt statt durch die 67 positiven."",""socratic_question"":""Aus welchen Proben wird hier ausgewählt?""},{""error"":""Mit den falsch gezählten 68 positiven Tests gerechnet."",""socratic_question"":""Wie viele gesunde Proben gibt es, und wie viele davon testen positiv?""}]",neu,hoch,"Aus acceptance.known_errors (grundwert_verwechselt, falsche_groesse_beantwortet, bedingung_vertauscht, gesamtheit_statt_bedingung)."
6a8af2d6-7306-488b-bd73-405bd3865931,bedingt-umkehr-03,,hints,,bewusst leer,,"Auftrag W4-k9-rest: ohne Hilfe lösbar (LSA), keine Hinweise."
6a8af2d6-7306-488b-bd73-405bd3865931,bedingt-umkehr-03,1,"zeit_teile (nur CSV, keine DB-Spalte)",30,neu,mittel,"Teilbudget; Summe = est_duration_sec"
6a8af2d6-7306-488b-bd73-405bd3865931,bedingt-umkehr-03,2,"zeit_teile (nur CSV, keine DB-Spalte)",30,neu,mittel,"Teilbudget; Summe = est_duration_sec"
6a8af2d6-7306-488b-bd73-405bd3865931,bedingt-umkehr-03,1,acceptance.known_errors (keine UI),"{""18"":""falsche_groesse_beantwortet"",""68"":""grundwert_verwechselt"",""+68"":""grundwert_verwechselt"",""+18"":""falsche_groesse_beantwortet""}",neu,hoch,Falscher Wert → Fehlbild-Slug
6a8af2d6-7306-488b-bd73-405bd3865931,bedingt-umkehr-03,2,acceptance.known_errors (keine UI),"{""90"":""bedingung_vertauscht"",""90,0"":""bedingung_vertauscht"",""+90,0"":""bedingung_vertauscht"",""90.0"":""bedingung_vertauscht"",""+90.0"":""bedingung_vertauscht"",""+90"":""bedingung_vertauscht"",""1,8"":""gesamtheit_statt_bedingung"",""+1,8"":""gesamtheit_statt_bedingung"",""1.8"":""gesamtheit_statt_bedingung"",""+1.8"":""gesamtheit_statt_bedingung"",""26,5"":""grundwert_verwechselt"",""+26,5"":""grundwert_verwechselt"",""26.5"":""grundwert_verwechselt"",""+26.5"":""grundwert_verwechselt""}",neu,hoch,Falscher Wert → Fehlbild-Slug
a784100b-b7e6-4cef-b62d-231262ed65e8,bedingt-umkehr-04,,afb,II,neu,mittel,"Anwenden: ganze Umkehrung in einem Zug, ohne vorgegebene Zwischenschritte."
a784100b-b7e6-4cef-b62d-231262ed65e8,bedingt-umkehr-04,,est_duration_sec,60,neu,mittel,"Zeitregel: AFB II, kein Sachkontext."
a784100b-b7e6-4cef-b62d-231262ed65e8,bedingt-umkehr-04,,curriculum_grade,9,neu,hoch,"Stoffanker Klasse 9: KLP G9 NRW, Zweite Stufe, Sto-3/Sto-4/Sto-5 (Vierfeldertafel, bedingte Wahrscheinlichkeit, Darstellungen beurteilen)."
a784100b-b7e6-4cef-b62d-231262ed65e8,bedingt-umkehr-04,,cluster_id,9fdfed01-ebda-4c79-89ea-5accacefee93,neu,hoch,Daten & Zufall wie die Stochastik-Knoten im Bestand.
a784100b-b7e6-4cef-b62d-231262ed65e8,bedingt-umkehr-04,,competency_content,stochastik,neu,hoch,Inhaltsfeld Stochastik (Sto-3 bis Sto-5).
a784100b-b7e6-4cef-b62d-231262ed65e8,bedingt-umkehr-04,,competency_process,Operieren,neu,mittel,Rechnen nach festem Verfahren.
a784100b-b7e6-4cef-b62d-231262ed65e8,bedingt-umkehr-04,,needs_image,false,neu,hoch,"Alle Angaben stehen im Text, keine Abbildung nötig."
a784100b-b7e6-4cef-b62d-231262ed65e8,bedingt-umkehr-04,,correct_answers,"[""32,4"",""+32,4"",""32.4"",""+32.4""]",neu,hoch,"Exakt nachgerechnet; alle gleichwertigen Schreibweisen."
a784100b-b7e6-4cef-b62d-231262ed65e8,bedingt-umkehr-04,,solution,"Befallen: 1 % von 10 000 = 100, davon positiv 95 %: 95.
Gesund: 9900, davon fälschlich positiv 2 %: 198.
Positiv insgesamt: 95 + 198 = 293.
Anteil wirklich befallen: 95 : 293 ≈ 0,3242, also ≈ 32,4 %.",neu,hoch,Nachgerechnet.
a784100b-b7e6-4cef-b62d-231262ed65e8,bedingt-umkehr-04,,typical_errors,"[{""error"":""Die Erkennungsrate 95 % übernommen: Das ist der Anteil positiver Tests unter den befallenen Setzlingen."",""socratic_question"":""Wird nach den befallenen Setzlingen gefragt, die positiv sind, oder nach den positiven, die befallen sind?""},{""error"":""Durch alle 10 000 Setzlinge geteilt statt durch die 293 positiven."",""socratic_question"":""Aus welchen Setzlingen wird hier ausgewählt?""},{""error"":""Die 2 % Fehlalarme von allen 10 000 Setzlingen genommen statt von den 9900 gesunden."",""socratic_question"":""Bei welchen Setzlingen kann der Test fälschlich anschlagen?""}]",neu,hoch,"Aus acceptance.known_errors (bedingung_vertauscht, gesamtheit_statt_bedingung, grundwert_verwechselt)."
a784100b-b7e6-4cef-b62d-231262ed65e8,bedingt-umkehr-04,,hints,,bewusst leer,,"Auftrag W4-k9-rest: ohne Hilfe lösbar (LSA), keine Hinweise."
a784100b-b7e6-4cef-b62d-231262ed65e8,bedingt-umkehr-04,,acceptance.known_errors (keine UI),"{""95"":""bedingung_vertauscht"",""95,0"":""bedingung_vertauscht"",""+95,0"":""bedingung_vertauscht"",""95.0"":""bedingung_vertauscht"",""+95.0"":""bedingung_vertauscht"",""+95"":""bedingung_vertauscht"",""0,95"":""gesamtheit_statt_bedingung"",""+0,95"":""gesamtheit_statt_bedingung"",""0.95"":""gesamtheit_statt_bedingung"",""+0.95"":""gesamtheit_statt_bedingung"",""32,2"":""grundwert_verwechselt"",""+32,2"":""grundwert_verwechselt"",""32.2"":""grundwert_verwechselt"",""+32.2"":""grundwert_verwechselt""}",neu,hoch,Falscher Wert → Fehlbild-Slug
5b30a658-06c2-4836-9084-91cd54095ab2,bedingt-umkehr-05,,afb,II,neu,mittel,Anwenden im Sachkontext: aus der Beschreibung eines Prüfverfahrens die Tafel aufbauen und umkehren.
5b30a658-06c2-4836-9084-91cd54095ab2,bedingt-umkehr-05,,est_duration_sec,90,neu,mittel,Zeitregel: AFB II + Sachkontext.
5b30a658-06c2-4836-9084-91cd54095ab2,bedingt-umkehr-05,,curriculum_grade,9,neu,hoch,"Stoffanker Klasse 9: KLP G9 NRW, Zweite Stufe, Sto-3/Sto-4/Sto-5 (Vierfeldertafel, bedingte Wahrscheinlichkeit, Darstellungen beurteilen)."
5b30a658-06c2-4836-9084-91cd54095ab2,bedingt-umkehr-05,,cluster_id,9fdfed01-ebda-4c79-89ea-5accacefee93,neu,hoch,Daten & Zufall wie die Stochastik-Knoten im Bestand.
5b30a658-06c2-4836-9084-91cd54095ab2,bedingt-umkehr-05,,competency_content,stochastik,neu,hoch,Inhaltsfeld Stochastik (Sto-3 bis Sto-5).
5b30a658-06c2-4836-9084-91cd54095ab2,bedingt-umkehr-05,,competency_process,"Modellieren, Operieren",neu,mittel,"Sachsituation in eine Rechnung übersetzen, dann rechnen."
5b30a658-06c2-4836-9084-91cd54095ab2,bedingt-umkehr-05,,needs_image,false,neu,hoch,"Alle Angaben stehen im Text, keine Abbildung nötig."
5b30a658-06c2-4836-9084-91cd54095ab2,bedingt-umkehr-05,1,parts.1.afb,II,neu,mittel,Wie die Aufgabe.
5b30a658-06c2-4836-9084-91cd54095ab2,bedingt-umkehr-05,1,parts.1.competency_content,stochastik,neu,hoch,Wie die Aufgabe.
5b30a658-06c2-4836-9084-91cd54095ab2,bedingt-umkehr-05,1,correct_answers.1,"[""156"",""+156""]",neu,hoch,"Exakt nachgerechnet; alle gleichwertigen Schreibweisen."
5b30a658-06c2-4836-9084-91cd54095ab2,bedingt-umkehr-05,2,parts.2.afb,II,neu,mittel,Wie die Aufgabe.
5b30a658-06c2-4836-9084-91cd54095ab2,bedingt-umkehr-05,2,parts.2.competency_content,stochastik,neu,hoch,Wie die Aufgabe.
5b30a658-06c2-4836-9084-91cd54095ab2,bedingt-umkehr-05,2,correct_answers.2,"[""51,3"",""+51,3"",""51.3"",""+51.3""]",neu,hoch,"Exakt nachgerechnet; alle gleichwertigen Schreibweisen."
5b30a658-06c2-4836-9084-91cd54095ab2,bedingt-umkehr-05,,solution,"Befallen: 5 % von 2000 = 100, davon positiv 80 %: 80.
Gesund: 1900, davon fälschlich positiv 4 %: 76.
Positiv insgesamt: 80 + 76 = 156.
Anteil wirklich befallen: 80 : 156 ≈ 0,5128, also ≈ 51,3 %.",neu,hoch,Nachgerechnet.
5b30a658-06c2-4836-9084-91cd54095ab2,bedingt-umkehr-05,,typical_errors,"[{""error"":""Die 4 % Fehlalarme von allen 2000 Proben genommen statt von den 1900 gesunden: 80 + 80."",""socratic_question"":""Bei welchen Proben kann der Test fälschlich anschlagen?""},{""error"":""Nur die befallenen Proben mit positivem Test gezählt, die Fehlalarme fehlen."",""socratic_question"":""Schlägt der Test auch bei gesunden Proben an?""},{""error"":""Die Erkennungsrate 80 % übernommen: Das ist der Anteil positiver Tests unter den befallenen Proben."",""socratic_question"":""Wird nach den befallenen Proben gefragt, die positiv sind, oder nach den positiven, die befallen sind?""},{""error"":""Durch alle 2000 Proben geteilt statt durch die 156 positiven."",""socratic_question"":""Aus welchen Proben wird hier ausgewählt?""},{""error"":""Den Kehrwert gebildet: 156 : 80."",""socratic_question"":""Können mehr als 100 % der positiven Proben befallen sein?""}]",neu,hoch,"Aus acceptance.known_errors (grundwert_verwechselt, falsche_groesse_beantwortet, bedingung_vertauscht, gesamtheit_statt_bedingung, bezug_vertauscht)."
5b30a658-06c2-4836-9084-91cd54095ab2,bedingt-umkehr-05,,hints,,bewusst leer,,"Auftrag W4-k9-rest: ohne Hilfe lösbar (LSA), keine Hinweise."
5b30a658-06c2-4836-9084-91cd54095ab2,bedingt-umkehr-05,1,"zeit_teile (nur CSV, keine DB-Spalte)",45,neu,mittel,"Teilbudget; Summe = est_duration_sec"
5b30a658-06c2-4836-9084-91cd54095ab2,bedingt-umkehr-05,2,"zeit_teile (nur CSV, keine DB-Spalte)",45,neu,mittel,"Teilbudget; Summe = est_duration_sec"
5b30a658-06c2-4836-9084-91cd54095ab2,bedingt-umkehr-05,1,acceptance.known_errors (keine UI),"{""80"":""falsche_groesse_beantwortet"",""160"":""grundwert_verwechselt"",""+160"":""grundwert_verwechselt"",""+80"":""falsche_groesse_beantwortet""}",neu,hoch,Falscher Wert → Fehlbild-Slug
5b30a658-06c2-4836-9084-91cd54095ab2,bedingt-umkehr-05,2,acceptance.known_errors (keine UI),"{""4"":""gesamtheit_statt_bedingung"",""80"":""bedingung_vertauscht"",""195"":""bezug_vertauscht"",""80,0"":""bedingung_vertauscht"",""+80,0"":""bedingung_vertauscht"",""80.0"":""bedingung_vertauscht"",""+80.0"":""bedingung_vertauscht"",""+80"":""bedingung_vertauscht"",""4,0"":""gesamtheit_statt_bedingung"",""+4,0"":""gesamtheit_statt_bedingung"",""4.0"":""gesamtheit_statt_bedingung"",""+4.0"":""gesamtheit_statt_bedingung"",""+4"":""gesamtheit_statt_bedingung"",""195,0"":""bezug_vertauscht"",""+195,0"":""bezug_vertauscht"",""195.0"":""bezug_vertauscht"",""+195.0"":""bezug_vertauscht"",""+195"":""bezug_vertauscht""}",neu,hoch,Falscher Wert → Fehlbild-Slug
5b30a658-06c2-4836-9084-91cd54095ab2,bedingt-umkehr-05,,sondierrang (keine UI),1,neu,mittel,"bedingt-umkehr-05 = 1, bedingt-umkehr-02 = 2. Rang 1 aus Profil {bedingung_vertauscht,bezug_vertauscht,falsche_groesse_beantwortet,gesamtheit_statt_bedingung,grundwert_verwechselt}, Rang 2 aus Profil {dezimalverschiebung,falsche_groesse_beantwortet,grundwert_verwechselt} (1 neue Fehlbilder)"
18fe10bb-53d2-42a3-9b10-e4b04c65469d,bedingt-umkehr-06,,afb,III,neu,mittel,"Problemlösen im Sachkontext: Eine Gesamtzahl selbst wählen, Tafel aufbauen und umkehren."
18fe10bb-53d2-42a3-9b10-e4b04c65469d,bedingt-umkehr-06,,est_duration_sec,120,neu,mittel,Zeitregel: AFB III + Sachkontext.
18fe10bb-53d2-42a3-9b10-e4b04c65469d,bedingt-umkehr-06,,curriculum_grade,9,neu,hoch,"Stoffanker Klasse 9: KLP G9 NRW, Zweite Stufe, Sto-3/Sto-4/Sto-5 (Vierfeldertafel, bedingte Wahrscheinlichkeit, Darstellungen beurteilen)."
18fe10bb-53d2-42a3-9b10-e4b04c65469d,bedingt-umkehr-06,,cluster_id,9fdfed01-ebda-4c79-89ea-5accacefee93,neu,hoch,Daten & Zufall wie die Stochastik-Knoten im Bestand.
18fe10bb-53d2-42a3-9b10-e4b04c65469d,bedingt-umkehr-06,,competency_content,stochastik,neu,hoch,Inhaltsfeld Stochastik (Sto-3 bis Sto-5).
18fe10bb-53d2-42a3-9b10-e4b04c65469d,bedingt-umkehr-06,,competency_process,"Problemlösen, Operieren",neu,mittel,"Lösungsweg selbst finden, dann rechnen."
18fe10bb-53d2-42a3-9b10-e4b04c65469d,bedingt-umkehr-06,,needs_image,false,neu,hoch,"Alle Angaben stehen im Text, keine Abbildung nötig."
18fe10bb-53d2-42a3-9b10-e4b04c65469d,bedingt-umkehr-06,,correct_answers,"[""28,4"",""+28,4"",""28.4"",""+28.4""]",neu,hoch,"Exakt nachgerechnet; alle gleichwertigen Schreibweisen."
18fe10bb-53d2-42a3-9b10-e4b04c65469d,bedingt-umkehr-06,,solution,"Man denkt sich zum Beispiel 1000 Nähte.
Fehlerhaft: 40, davon gemeldet 95 %: 38.
Fehlerfrei: 960, davon fälschlich gemeldet 10 %: 96.
Gemeldet insgesamt: 38 + 96 = 134.
Anteil tatsächlich fehlerhaft: 38 : 134 ≈ 0,2836, also ≈ 28,4 %.",neu,hoch,Nachgerechnet.
18fe10bb-53d2-42a3-9b10-e4b04c65469d,bedingt-umkehr-06,,typical_errors,"[{""error"":""Die Erkennungsrate 95 % übernommen: Das ist der Anteil gemeldeter Nähte unter den fehlerhaften."",""socratic_question"":""Wird nach den fehlerhaften Nähten gefragt, die gemeldet werden, oder nach den gemeldeten, die fehlerhaft sind?""},{""error"":""Durch alle Nähte geteilt statt durch die gemeldeten."",""socratic_question"":""Aus welchen Nähten wird hier ausgewählt?""},{""error"":""Die 10 % Fehlmeldungen von allen Nähten genommen statt von den fehlerfreien."",""socratic_question"":""Bei welchen Nähten kann das Gerät fälschlich einen Fehler melden?""}]",neu,hoch,"Aus acceptance.known_errors (bedingung_vertauscht, gesamtheit_statt_bedingung, grundwert_verwechselt)."
18fe10bb-53d2-42a3-9b10-e4b04c65469d,bedingt-umkehr-06,,hints,,bewusst leer,,"Auftrag W4-k9-rest: ohne Hilfe lösbar (LSA), keine Hinweise."
18fe10bb-53d2-42a3-9b10-e4b04c65469d,bedingt-umkehr-06,,acceptance.known_errors (keine UI),"{""95"":""bedingung_vertauscht"",""95,0"":""bedingung_vertauscht"",""+95,0"":""bedingung_vertauscht"",""95.0"":""bedingung_vertauscht"",""+95.0"":""bedingung_vertauscht"",""+95"":""bedingung_vertauscht"",""3,8"":""gesamtheit_statt_bedingung"",""+3,8"":""gesamtheit_statt_bedingung"",""3.8"":""gesamtheit_statt_bedingung"",""+3.8"":""gesamtheit_statt_bedingung"",""27,5"":""grundwert_verwechselt"",""+27,5"":""grundwert_verwechselt"",""27.5"":""grundwert_verwechselt"",""+27.5"":""grundwert_verwechselt""}",neu,hoch,Falscher Wert → Fehlbild-Slug
d8be6909-8da5-4333-ac32-e6c6d1c34fa8,bedingt-irrefuehrend-01,,afb,I,neu,mittel,Reproduzieren: sichtbare Säulenhöhen ab Achsenbeginn ins Verhältnis setzen.
d8be6909-8da5-4333-ac32-e6c6d1c34fa8,bedingt-irrefuehrend-01,,est_duration_sec,45,neu,mittel,"Zeitregel: AFB I, kein Sachkontext."
d8be6909-8da5-4333-ac32-e6c6d1c34fa8,bedingt-irrefuehrend-01,,curriculum_grade,9,neu,hoch,"Stoffanker Klasse 9: KLP G9 NRW, Zweite Stufe, Sto-3/Sto-4/Sto-5 (Vierfeldertafel, bedingte Wahrscheinlichkeit, Darstellungen beurteilen)."
d8be6909-8da5-4333-ac32-e6c6d1c34fa8,bedingt-irrefuehrend-01,,cluster_id,9fdfed01-ebda-4c79-89ea-5accacefee93,neu,hoch,Daten & Zufall wie die Stochastik-Knoten im Bestand.
d8be6909-8da5-4333-ac32-e6c6d1c34fa8,bedingt-irrefuehrend-01,,competency_content,stochastik,neu,hoch,Inhaltsfeld Stochastik (Sto-3 bis Sto-5).
d8be6909-8da5-4333-ac32-e6c6d1c34fa8,bedingt-irrefuehrend-01,,competency_process,Operieren,neu,mittel,Rechnen nach festem Verfahren.
d8be6909-8da5-4333-ac32-e6c6d1c34fa8,bedingt-irrefuehrend-01,,needs_image,false,neu,hoch,"Alle Angaben stehen im Text, keine Abbildung nötig."
d8be6909-8da5-4333-ac32-e6c6d1c34fa8,bedingt-irrefuehrend-01,,correct_answers,"[""2"",""+2""]",neu,hoch,"Exakt nachgerechnet; alle gleichwertigen Schreibweisen."
d8be6909-8da5-4333-ac32-e6c6d1c34fa8,bedingt-irrefuehrend-01,,solution,"Gezeichnet wird nur der Teil ab 44.
Säule A: 52 − 44 = 8, Säule B: 48 − 44 = 4.
8 : 4 = 2. Säule A wirkt doppelt so hoch, obwohl die Werte kaum verschieden sind.",neu,hoch,Nachgerechnet.
d8be6909-8da5-4333-ac32-e6c6d1c34fa8,bedingt-irrefuehrend-01,,typical_errors,"[{""error"":""Die Werte statt der gezeichneten Höhen verglichen: 52 : 48 ≈ 1,08."",""socratic_question"":""Ab welcher Höhe beginnen die Säulen im Diagramm?""},{""error"":""Die Werte statt der gezeichneten Höhen verglichen: 52 : 48 ≈ 1,1."",""socratic_question"":""Ab welcher Höhe beginnen die Säulen im Diagramm?""},{""error"":""Den Unterschied der Werte angegeben statt eines Verhältnisses."",""socratic_question"":""Fragt „wie viel mal so hoch“ nach einer Differenz oder nach einem Faktor?""}]",neu,hoch,"Aus acceptance.known_errors (achse_abgeschnitten_uebersehen, falsche_operation)."
d8be6909-8da5-4333-ac32-e6c6d1c34fa8,bedingt-irrefuehrend-01,,hints,,bewusst leer,,"Auftrag W4-k9-rest: ohne Hilfe lösbar (LSA), keine Hinweise."
d8be6909-8da5-4333-ac32-e6c6d1c34fa8,bedingt-irrefuehrend-01,,acceptance.known_errors (keine UI),"{""4"":""falsche_operation"",""1,08"":""achse_abgeschnitten_uebersehen"",""+1,08"":""achse_abgeschnitten_uebersehen"",""1.08"":""achse_abgeschnitten_uebersehen"",""+1.08"":""achse_abgeschnitten_uebersehen"",""1,1"":""achse_abgeschnitten_uebersehen"",""+1,1"":""achse_abgeschnitten_uebersehen"",""1.1"":""achse_abgeschnitten_uebersehen"",""+1.1"":""achse_abgeschnitten_uebersehen"",""+4"":""falsche_operation""}",neu,hoch,Falscher Wert → Fehlbild-Slug
0f94090d-dced-46dd-ab0d-ff9152c75529,bedingt-irrefuehrend-02,,afb,I,neu,mittel,"Reproduzieren: das echte Verhältnis der Werte bestimmen, unabhängig von der Zeichnung."
0f94090d-dced-46dd-ab0d-ff9152c75529,bedingt-irrefuehrend-02,,est_duration_sec,45,neu,mittel,"Zeitregel: AFB I, kein Sachkontext."
0f94090d-dced-46dd-ab0d-ff9152c75529,bedingt-irrefuehrend-02,,curriculum_grade,9,neu,hoch,"Stoffanker Klasse 9: KLP G9 NRW, Zweite Stufe, Sto-3/Sto-4/Sto-5 (Vierfeldertafel, bedingte Wahrscheinlichkeit, Darstellungen beurteilen)."
0f94090d-dced-46dd-ab0d-ff9152c75529,bedingt-irrefuehrend-02,,cluster_id,9fdfed01-ebda-4c79-89ea-5accacefee93,neu,hoch,Daten & Zufall wie die Stochastik-Knoten im Bestand.
0f94090d-dced-46dd-ab0d-ff9152c75529,bedingt-irrefuehrend-02,,competency_content,stochastik,neu,hoch,Inhaltsfeld Stochastik (Sto-3 bis Sto-5).
0f94090d-dced-46dd-ab0d-ff9152c75529,bedingt-irrefuehrend-02,,competency_process,Operieren,neu,mittel,Rechnen nach festem Verfahren.
0f94090d-dced-46dd-ab0d-ff9152c75529,bedingt-irrefuehrend-02,,needs_image,false,neu,hoch,"Alle Angaben stehen im Text, keine Abbildung nötig."
0f94090d-dced-46dd-ab0d-ff9152c75529,bedingt-irrefuehrend-02,,correct_answers,"[""1,25"",""+1,25"",""1.25"",""+1.25""]",neu,hoch,"Exakt nachgerechnet; alle gleichwertigen Schreibweisen."
0f94090d-dced-46dd-ab0d-ff9152c75529,bedingt-irrefuehrend-02,,solution,"Es zählen die Werte, nicht die gezeichneten Höhen.
75 : 60 = 1,25. Gezeichnet ist Säule A dagegen (75 − 50) : (60 − 50) = 2,5-mal so hoch.",neu,hoch,Nachgerechnet.
0f94090d-dced-46dd-ab0d-ff9152c75529,bedingt-irrefuehrend-02,,typical_errors,"[{""error"":""Die gezeichneten Höhen ab 50 verglichen statt der Werte."",""socratic_question"":""Ist nach den Werten oder nach den gezeichneten Höhen gefragt?""},{""error"":""Den Unterschied der Werte angegeben statt eines Verhältnisses."",""socratic_question"":""Fragt „wie viel mal so groß“ nach einer Differenz oder nach einem Faktor?""},{""error"":""Den Kehrwert gebildet: 60 : 75."",""socratic_question"":""Ist A größer oder kleiner als B – muss der Faktor dann über oder unter 1 liegen?""}]",neu,hoch,"Aus acceptance.known_errors (achse_abgeschnitten_uebersehen, falsche_operation, bezug_vertauscht)."
0f94090d-dced-46dd-ab0d-ff9152c75529,bedingt-irrefuehrend-02,,hints,,bewusst leer,,"Auftrag W4-k9-rest: ohne Hilfe lösbar (LSA), keine Hinweise."
0f94090d-dced-46dd-ab0d-ff9152c75529,bedingt-irrefuehrend-02,,acceptance.known_errors (keine UI),"{""15"":""falsche_operation"",""2,50"":""achse_abgeschnitten_uebersehen"",""+2,50"":""achse_abgeschnitten_uebersehen"",""2.50"":""achse_abgeschnitten_uebersehen"",""+2.50"":""achse_abgeschnitten_uebersehen"",""2,5"":""achse_abgeschnitten_uebersehen"",""+2,5"":""achse_abgeschnitten_uebersehen"",""2.5"":""achse_abgeschnitten_uebersehen"",""+2.5"":""achse_abgeschnitten_uebersehen"",""15,00"":""falsche_operation"",""+15,00"":""falsche_operation"",""15.00"":""falsche_operation"",""+15.00"":""falsche_operation"",""+15"":""falsche_operation"",""0,80"":""bezug_vertauscht"",""+0,80"":""bezug_vertauscht"",""0.80"":""bezug_vertauscht"",""+0.80"":""bezug_vertauscht"",""0,8"":""bezug_vertauscht"",""+0,8"":""bezug_vertauscht"",""0.8"":""bezug_vertauscht"",""+0.8"":""bezug_vertauscht""}",neu,hoch,Falscher Wert → Fehlbild-Slug
0f94090d-dced-46dd-ab0d-ff9152c75529,bedingt-irrefuehrend-02,,sondierrang (keine UI),1,neu,mittel,"bedingt-irrefuehrend-02 = 1, bedingt-irrefuehrend-04 = 2. Rang 1 aus Profil {achse_abgeschnitten_uebersehen,bezug_vertauscht,falsche_operation}, Rang 2 aus Profil {bedingung_vertauscht,falsche_groesse_beantwortet,gesamtheit_statt_bedingung} (3 neue Fehlbilder)"
a1c6838a-e550-4ed2-92cf-55244acded67,bedingt-irrefuehrend-03,,afb,II,neu,mittel,Anwenden: zwei Anteile mit verschiedenen Grundwerten bilden und in Prozentpunkten vergleichen.
a1c6838a-e550-4ed2-92cf-55244acded67,bedingt-irrefuehrend-03,,est_duration_sec,60,neu,mittel,"Zeitregel: AFB II, kein Sachkontext."
a1c6838a-e550-4ed2-92cf-55244acded67,bedingt-irrefuehrend-03,,curriculum_grade,9,neu,hoch,"Stoffanker Klasse 9: KLP G9 NRW, Zweite Stufe, Sto-3/Sto-4/Sto-5 (Vierfeldertafel, bedingte Wahrscheinlichkeit, Darstellungen beurteilen)."
a1c6838a-e550-4ed2-92cf-55244acded67,bedingt-irrefuehrend-03,,cluster_id,9fdfed01-ebda-4c79-89ea-5accacefee93,neu,hoch,Daten & Zufall wie die Stochastik-Knoten im Bestand.
a1c6838a-e550-4ed2-92cf-55244acded67,bedingt-irrefuehrend-03,,competency_content,stochastik,neu,hoch,Inhaltsfeld Stochastik (Sto-3 bis Sto-5).
a1c6838a-e550-4ed2-92cf-55244acded67,bedingt-irrefuehrend-03,,competency_process,Operieren,neu,mittel,Rechnen nach festem Verfahren.
a1c6838a-e550-4ed2-92cf-55244acded67,bedingt-irrefuehrend-03,,needs_image,false,neu,hoch,"Alle Angaben stehen im Text, keine Abbildung nötig."
a1c6838a-e550-4ed2-92cf-55244acded67,bedingt-irrefuehrend-03,,correct_answers,"[""10"",""+10""]",neu,hoch,"Exakt nachgerechnet; alle gleichwertigen Schreibweisen."
a1c6838a-e550-4ed2-92cf-55244acded67,bedingt-irrefuehrend-03,,solution,"Schule A: 36 : 240 = 0,15 = 15 %.
Schule B: 22 : 88 = 0,25 = 25 %.
Unterschied: 25 − 15 = 10 Prozentpunkte. A hat zwar mehr Radfahrer, B aber den größeren Anteil.",neu,hoch,Nachgerechnet.
a1c6838a-e550-4ed2-92cf-55244acded67,bedingt-irrefuehrend-03,,typical_errors,"[{""error"":""Die Anzahlen verglichen statt der Anteile: 36 − 22."",""socratic_question"":""Sind beide Schulen gleich groß?""},{""error"":""Den Unterschied der Anteile als Dezimalzahl angegeben (0,1) statt in Prozentpunkten."",""socratic_question"":""Wie viele Prozentpunkte sind 0,1?""}]",neu,hoch,"Aus acceptance.known_errors (absolut_statt_relativ, dezimalverschiebung)."
a1c6838a-e550-4ed2-92cf-55244acded67,bedingt-irrefuehrend-03,,hints,,bewusst leer,,"Auftrag W4-k9-rest: ohne Hilfe lösbar (LSA), keine Hinweise."
a1c6838a-e550-4ed2-92cf-55244acded67,bedingt-irrefuehrend-03,,acceptance.known_errors (keine UI),"{""14"":""absolut_statt_relativ"",""+14"":""absolut_statt_relativ"",""0,1"":""dezimalverschiebung"",""+0,1"":""dezimalverschiebung"",""0.1"":""dezimalverschiebung"",""+0.1"":""dezimalverschiebung""}",neu,hoch,Falscher Wert → Fehlbild-Slug
2708a240-7d4b-42bb-a028-d106ebe60765,bedingt-irrefuehrend-04,,afb,II,neu,mittel,Anwenden: die Bedingung einer Schlagzeile prüfen und die gemeinte bedingte Wahrscheinlichkeit richtig berechnen.
2708a240-7d4b-42bb-a028-d106ebe60765,bedingt-irrefuehrend-04,,est_duration_sec,60,neu,mittel,"Zeitregel: AFB II, kein Sachkontext."
2708a240-7d4b-42bb-a028-d106ebe60765,bedingt-irrefuehrend-04,,curriculum_grade,9,neu,hoch,"Stoffanker Klasse 9: KLP G9 NRW, Zweite Stufe, Sto-3/Sto-4/Sto-5 (Vierfeldertafel, bedingte Wahrscheinlichkeit, Darstellungen beurteilen)."
2708a240-7d4b-42bb-a028-d106ebe60765,bedingt-irrefuehrend-04,,cluster_id,9fdfed01-ebda-4c79-89ea-5accacefee93,neu,hoch,Daten & Zufall wie die Stochastik-Knoten im Bestand.
2708a240-7d4b-42bb-a028-d106ebe60765,bedingt-irrefuehrend-04,,competency_content,stochastik,neu,hoch,Inhaltsfeld Stochastik (Sto-3 bis Sto-5).
2708a240-7d4b-42bb-a028-d106ebe60765,bedingt-irrefuehrend-04,,competency_process,Operieren,neu,mittel,Rechnen nach festem Verfahren.
2708a240-7d4b-42bb-a028-d106ebe60765,bedingt-irrefuehrend-04,,needs_image,false,neu,hoch,"Alle Angaben stehen im Text, keine Abbildung nötig."
2708a240-7d4b-42bb-a028-d106ebe60765,bedingt-irrefuehrend-04,,correct_answers,"[""7,5"",""+7,5"",""7.5"",""+7.5""]",neu,hoch,"Exakt nachgerechnet; alle gleichwertigen Schreibweisen."
2708a240-7d4b-42bb-a028-d106ebe60765,bedingt-irrefuehrend-04,,solution,"75 % stimmt nur so: 30 von 40 Fahrrädern mit gerissener Kette waren nie geölt. Die Schlagzeile vertauscht die Bedingung.
Gefragt: Bedingung „nie geölt“, also 30 : 400 = 0,075 = 7,5 %.",neu,hoch,Nachgerechnet.
2708a240-7d4b-42bb-a028-d106ebe60765,bedingt-irrefuehrend-04,,typical_errors,"[{""error"":""Die Zahl der Schlagzeile übernommen: Das ist der Anteil ungeölter Räder unter denen mit gerissener Kette."",""socratic_question"":""Steht fest, dass das Rad nie geölt wurde, oder dass die Kette gerissen ist?""},{""error"":""Durch alle 1200 Fahrräder geteilt statt durch die 400 nie geölten."",""socratic_question"":""Auf welche Fahrräder bezieht sich die Frage?""},{""error"":""Die Anzahl 30 angegeben statt eines Prozentsatzes."",""socratic_question"":""Ist nach einer Anzahl oder nach einem Anteil in Prozent gefragt?""}]",neu,hoch,"Aus acceptance.known_errors (bedingung_vertauscht, gesamtheit_statt_bedingung, falsche_groesse_beantwortet)."
2708a240-7d4b-42bb-a028-d106ebe60765,bedingt-irrefuehrend-04,,hints,,bewusst leer,,"Auftrag W4-k9-rest: ohne Hilfe lösbar (LSA), keine Hinweise."
2708a240-7d4b-42bb-a028-d106ebe60765,bedingt-irrefuehrend-04,,acceptance.known_errors (keine UI),"{""30"":""falsche_groesse_beantwortet"",""75"":""bedingung_vertauscht"",""75,0"":""bedingung_vertauscht"",""+75,0"":""bedingung_vertauscht"",""75.0"":""bedingung_vertauscht"",""+75.0"":""bedingung_vertauscht"",""+75"":""bedingung_vertauscht"",""2,5"":""gesamtheit_statt_bedingung"",""+2,5"":""gesamtheit_statt_bedingung"",""2.5"":""gesamtheit_statt_bedingung"",""+2.5"":""gesamtheit_statt_bedingung"",""30,0"":""falsche_groesse_beantwortet"",""+30,0"":""falsche_groesse_beantwortet"",""30.0"":""falsche_groesse_beantwortet"",""+30.0"":""falsche_groesse_beantwortet"",""+30"":""falsche_groesse_beantwortet""}",neu,hoch,Falscher Wert → Fehlbild-Slug
2708a240-7d4b-42bb-a028-d106ebe60765,bedingt-irrefuehrend-04,,sondierrang (keine UI),2,neu,mittel,"bedingt-irrefuehrend-02 = 1, bedingt-irrefuehrend-04 = 2. Rang 1 aus Profil {achse_abgeschnitten_uebersehen,bezug_vertauscht,falsche_operation}, Rang 2 aus Profil {bedingung_vertauscht,falsche_groesse_beantwortet,gesamtheit_statt_bedingung} (3 neue Fehlbilder)"
982be3c3-2d1f-4d59-817a-b7bd45ade1d6,bedingt-irrefuehrend-05,,afb,II,neu,mittel,Anwenden im Sachkontext: eine Aussage über absolute Zahlen durch eine Rate je 1000 Einwohner prüfen.
982be3c3-2d1f-4d59-817a-b7bd45ade1d6,bedingt-irrefuehrend-05,,est_duration_sec,90,neu,mittel,Zeitregel: AFB II + Sachkontext.
982be3c3-2d1f-4d59-817a-b7bd45ade1d6,bedingt-irrefuehrend-05,,curriculum_grade,9,neu,hoch,"Stoffanker Klasse 9: KLP G9 NRW, Zweite Stufe, Sto-3/Sto-4/Sto-5 (Vierfeldertafel, bedingte Wahrscheinlichkeit, Darstellungen beurteilen)."
982be3c3-2d1f-4d59-817a-b7bd45ade1d6,bedingt-irrefuehrend-05,,cluster_id,9fdfed01-ebda-4c79-89ea-5accacefee93,neu,hoch,Daten & Zufall wie die Stochastik-Knoten im Bestand.
982be3c3-2d1f-4d59-817a-b7bd45ade1d6,bedingt-irrefuehrend-05,,competency_content,stochastik,neu,hoch,Inhaltsfeld Stochastik (Sto-3 bis Sto-5).
982be3c3-2d1f-4d59-817a-b7bd45ade1d6,bedingt-irrefuehrend-05,,competency_process,"Modellieren, Operieren",neu,mittel,"Sachsituation in eine Rechnung übersetzen, dann rechnen."
982be3c3-2d1f-4d59-817a-b7bd45ade1d6,bedingt-irrefuehrend-05,,needs_image,false,neu,hoch,"Alle Angaben stehen im Text, keine Abbildung nötig."
982be3c3-2d1f-4d59-817a-b7bd45ade1d6,bedingt-irrefuehrend-05,,correct_answers,"[""1,5"",""+1,5"",""1.5"",""+1.5""]",neu,hoch,"Exakt nachgerechnet; alle gleichwertigen Schreibweisen."
982be3c3-2d1f-4d59-817a-b7bd45ade1d6,bedingt-irrefuehrend-05,,solution,"Ort A: 45 Diebstähle auf 15 000 Einwohner = 3 je 1000 Einwohner.
Ort B: 18 Diebstähle auf 4000 Einwohner = 4,5 je 1000 Einwohner.
Unterschied: 4,5 − 3 = 1,5 Diebstähle je 1000 Einwohner. Gemessen an der Einwohnerzahl liegt B vorn.",neu,hoch,Nachgerechnet.
982be3c3-2d1f-4d59-817a-b7bd45ade1d6,bedingt-irrefuehrend-05,,typical_errors,"[{""error"":""Die absoluten Anzahlen verglichen: 45 − 18."",""socratic_question"":""Sind beide Orte gleich groß?""},{""error"":""Die Rate je Einwohner berechnet statt je 1000 Einwohner: 0,0015."",""socratic_question"":""Auf wie viele Einwohner soll sich die Rate beziehen?""}]",neu,hoch,"Aus acceptance.known_errors (absolut_statt_relativ, dezimalverschiebung)."
982be3c3-2d1f-4d59-817a-b7bd45ade1d6,bedingt-irrefuehrend-05,,hints,,bewusst leer,,"Auftrag W4-k9-rest: ohne Hilfe lösbar (LSA), keine Hinweise."
982be3c3-2d1f-4d59-817a-b7bd45ade1d6,bedingt-irrefuehrend-05,,acceptance.known_errors (keine UI),"{""27"":""absolut_statt_relativ"",""+27"":""absolut_statt_relativ"",""0,0015"":""dezimalverschiebung"",""+0,0015"":""dezimalverschiebung"",""0.0015"":""dezimalverschiebung"",""+0.0015"":""dezimalverschiebung""}",neu,hoch,Falscher Wert → Fehlbild-Slug
f8f3a464-6dea-4783-a9de-3d5dda5fd878,bedingt-irrefuehrend-06,,afb,III,neu,mittel,Problemlösen: aus dem gezeichneten Verhältnis eine Gleichung für den Achsenbeginn aufstellen und lösen.
f8f3a464-6dea-4783-a9de-3d5dda5fd878,bedingt-irrefuehrend-06,,est_duration_sec,120,neu,mittel,Zeitregel: AFB III + Sachkontext.
f8f3a464-6dea-4783-a9de-3d5dda5fd878,bedingt-irrefuehrend-06,,curriculum_grade,9,neu,hoch,"Stoffanker Klasse 9: KLP G9 NRW, Zweite Stufe, Sto-3/Sto-4/Sto-5 (Vierfeldertafel, bedingte Wahrscheinlichkeit, Darstellungen beurteilen)."
f8f3a464-6dea-4783-a9de-3d5dda5fd878,bedingt-irrefuehrend-06,,cluster_id,9fdfed01-ebda-4c79-89ea-5accacefee93,neu,hoch,Daten & Zufall wie die Stochastik-Knoten im Bestand.
f8f3a464-6dea-4783-a9de-3d5dda5fd878,bedingt-irrefuehrend-06,,competency_content,stochastik,neu,hoch,Inhaltsfeld Stochastik (Sto-3 bis Sto-5).
f8f3a464-6dea-4783-a9de-3d5dda5fd878,bedingt-irrefuehrend-06,,competency_process,"Problemlösen, Operieren",neu,mittel,"Lösungsweg selbst finden, dann rechnen."
f8f3a464-6dea-4783-a9de-3d5dda5fd878,bedingt-irrefuehrend-06,,needs_image,false,neu,hoch,"Alle Angaben stehen im Text, keine Abbildung nötig."
f8f3a464-6dea-4783-a9de-3d5dda5fd878,bedingt-irrefuehrend-06,,correct_answers,"[""48"",""+48""]",neu,hoch,"Exakt nachgerechnet; alle gleichwertigen Schreibweisen."
f8f3a464-6dea-4783-a9de-3d5dda5fd878,bedingt-irrefuehrend-06,,solution,"Achsenbeginn s: Gezeichnete Höhen 66 − s und 54 − s.
66 − s = 3 · (54 − s) = 162 − 3s, also 2s = 96 und s = 48.
Probe: 66 − 48 = 18 und 54 − 48 = 6; 18 = 3 · 6.",neu,hoch,Nachgerechnet.
f8f3a464-6dea-4783-a9de-3d5dda5fd878,bedingt-irrefuehrend-06,,typical_errors,"[{""error"":""Angenommen, die Achse beginne bei 0."",""socratic_question"":""Wäre Säule A bei einem Achsenbeginn von 0 wirklich dreimal so hoch wie B?""},{""error"":""Bei 2s = 96 nicht durch 2 geteilt."",""socratic_question"":""Was steht nach dem Umformen links – s oder 2s?""}]",neu,hoch,"Aus acceptance.known_errors (achse_abgeschnitten_uebersehen, halbieren_vergessen)."
f8f3a464-6dea-4783-a9de-3d5dda5fd878,bedingt-irrefuehrend-06,,hints,,bewusst leer,,"Auftrag W4-k9-rest: ohne Hilfe lösbar (LSA), keine Hinweise."
f8f3a464-6dea-4783-a9de-3d5dda5fd878,bedingt-irrefuehrend-06,,acceptance.known_errors (keine UI),"{""0"":""achse_abgeschnitten_uebersehen"",""96"":""halbieren_vergessen"",""+96"":""halbieren_vergessen""}",neu,hoch,Falscher Wert → Fehlbild-Slug
